{
  "last_node_id": 57,
  "last_link_id": 186,
  "nodes": [
    {
      "id": 43,
      "type": "CLIPTextEncode",
      "pos": [
        570,
        130
      ],
      "size": [
        230,
        76
      ],
      "flags": {},
      "order": 7,
      "mode": 0,
      "inputs": [
        {
          "name": "clip",
          "type": "CLIP",
          "link": 160
        }
      ],
      "outputs": [
        {
          "name": "CONDITIONING",
          "type": "CONDITIONING",
          "links": [
            163
          ],
          "slot_index": 0
        }
      ],
      "title": "CLIP Text Encode (Positive)",
      "properties": {
        "Node name for S&R": "CLIPTextEncode"
      },
      "widgets_values": [
        "wolf"
      ],
      "color": "#232",
      "bgcolor": "#353"
    },
    {
      "id": 42,
      "type": "CLIPTextEncode",
      "pos": [
        570,
        10
      ],
      "size": [
        230,
        76
      ],
      "flags": {},
      "order": 8,
      "mode": 0,
      "inputs": [
        {
          "name": "clip",
          "type": "CLIP",
          "link": 161
        }
      ],
      "outputs": [
        {
          "name": "CONDITIONING",
          "type": "CONDITIONING",
          "links": [
            162
          ],
          "slot_index": 0
        }
      ],
      "title": "CLIP Text Encode (Positive)",
      "properties": {
        "Node name for S&R": "CLIPTextEncode"
      },
      "widgets_values": [
        "red riding hood"
      ],
      "color": "#232",
      "bgcolor": "#353"
    },
    {
      "id": 5,
      "type": "EmptyLatentImage",
      "pos": [
        580,
        650
      ],
      "size": {
        "0": 220,
        "1": 106
      },
      "flags": {},
      "order": 1,
      "mode": 0,
      "outputs": [
        {
          "name": "LATENT",
          "type": "LATENT",
          "links": [
            2,
            174
          ],
          "slot_index": 0
        }
      ],
      "properties": {
        "Node name for S&R": "EmptyLatentImage"
      },
      "widgets_values": [
        512,
        512,
        1
      ]
    },
    {
      "id": 4,
      "type": "CheckpointLoaderSimple",
      "pos": [
        30,
        360
      ],
      "size": {
        "0": 330,
        "1": 100
      },
      "flags": {},
      "order": 2,
      "mode": 0,
      "outputs": [
        {
          "name": "MODEL",
          "type": "MODEL",
          "links": [
            1,
            182
          ],
          "slot_index": 0
        },
        {
          "name": "CLIP",
          "type": "CLIP",
          "links": [
            5,
            25,
            160,
            161,
            178,
            179
          ],
          "slot_index": 1
        },
        {
          "name": "VAE",
          "type": "VAE",
          "links": [],
          "slot_index": 2
        }
      ],
      "properties": {
        "Node name for S&R": "CheckpointLoaderSimple"
      },
      "widgets_values": [
        "dreamshaper_8.safetensors"
      ]
    },
    {
      "id": 7,
      "type": "CLIPTextEncode",
      "pos": [
        430,
        440
      ],
      "size": {
        "0": 370,
        "1": 160
      },
      "flags": {},
      "order": 5,
      "mode": 0,
      "inputs": [
        {
          "name": "clip",
          "type": "CLIP",
          "link": 5
        }
      ],
      "outputs": [
        {
          "name": "CONDITIONING",
          "type": "CONDITIONING",
          "links": [
            6,
            184
          ],
          "slot_index": 0
        }
      ],
      "title": "CLIP Text Encode (Negative)",
      "properties": {
        "Node name for S&R": "CLIPTextEncode"
      },
      "widgets_values": [
        "blurry, photography, distorted"
      ],
      "color": "#322",
      "bgcolor": "#533"
    },
    {
      "id": 18,
      "type": "CLIPTextEncode",
      "pos": [
        430,
        250
      ],
      "size": {
        "0": 370,
        "1": 140
      },
      "flags": {},
      "order": 6,
      "mode": 0,
      "inputs": [
        {
          "name": "clip",
          "type": "CLIP",
          "link": 25
        }
      ],
      "outputs": [
        {
          "name": "CONDITIONING",
          "type": "CONDITIONING",
          "links": [
            157,
            177
          ],
          "slot_index": 0
        }
      ],
      "title": "CLIP Text Encode (Positive)",
      "properties": {
        "Node name for S&R": "CLIPTextEncode"
      },
      "widgets_values": [
        "high quality illustration of red riding hood hugging the wolf in the forest"
      ],
      "color": "#232",
      "bgcolor": "#353"
    },
    {
      "id": 3,
      "type": "KSampler",
      "pos": [
        880,
        360
      ],
      "size": [
        300,
        230
      ],
      "flags": {},
      "order": 17,
      "mode": 0,
      "inputs": [
        {
          "name": "model",
          "type": "MODEL",
          "link": 1
        },
        {
          "name": "positive",
          "type": "CONDITIONING",
          "link": 158
        },
        {
          "name": "negative",
          "type": "CONDITIONING",
          "link": 6
        },
        {
          "name": "latent_image",
          "type": "LATENT",
          "link": 2
        },
        {
          "name": "seed",
          "type": "INT",
          "link": 185,
          "widget": {
            "name": "seed",
            "config": [
              "INT",
              {
                "default": 0,
                "min": 0,
                "max": 18446744073709552000
              }
            ]
          }
        }
      ],
      "outputs": [
        {
          "name": "LATENT",
          "type": "LATENT",
          "links": [
            7
          ],
          "slot_index": 0
        }
      ],
      "properties": {
        "Node name for S&R": "KSampler"
      },
      "widgets_values": [
        10,
        "fixed",
        20,
        6,
        "dpmpp_2m_sde_gpu",
        "exponential",
        1
      ]
    },
    {
      "id": 48,
      "type": "KSampler",
      "pos": [
        880,
        630
      ],
      "size": [
        300,
        230
      ],
      "flags": {},
      "order": 14,
      "mode": 0,
      "inputs": [
        {
          "name": "model",
          "type": "MODEL",
          "link": 182
        },
        {
          "name": "positive",
          "type": "CONDITIONING",
          "link": 176
        },
        {
          "name": "negative",
          "type": "CONDITIONING",
          "link": 184
        },
        {
          "name": "latent_image",
          "type": "LATENT",
          "link": 174
        },
        {
          "name": "seed",
          "type": "INT",
          "link": 186,
          "widget": {
            "name": "seed",
            "config": [
              "INT",
              {
                "default": 0,
                "min": 0,
                "max": 18446744073709552000
              }
            ]
          }
        }
      ],
      "outputs": [
        {
          "name": "LATENT",
          "type": "LATENT",
          "links": [
            171
          ],
          "slot_index": 0
        }
      ],
      "properties": {
        "Node name for S&R": "KSampler"
      },
      "widgets_values": [
        10,
        "fixed",
        20,
        6,
        "dpmpp_2m_sde_gpu",
        "exponential",
        1
      ]
    },
    {
      "id": 11,
      "type": "VAELoader",
      "pos": [
        880,
        900
      ],
      "size": {
        "0": 300,
        "1": 60
      },
      "flags": {},
      "order": 3,
      "mode": 0,
      "outputs": [
        {
          "name": "VAE",
          "type": "VAE",
          "links": [
            12,
            183
          ],
          "shape": 3,
          "slot_index": 0
        }
      ],
      "properties": {
        "Node name for S&R": "VAELoader"
      },
      "widgets_values": [
        "vae-ft-mse-840000-ema-pruned.safetensors"
      ]
    },
    {
      "id": 8,
      "type": "VAEDecode",
      "pos": [
        1230,
        360
      ],
      "size": {
        "0": 140,
        "1": 50
      },
      "flags": {},
      "order": 19,
      "mode": 0,
      "inputs": [
        {
          "name": "samples",
          "type": "LATENT",
          "link": 7
        },
        {
          "name": "vae",
          "type": "VAE",
          "link": 12
        }
      ],
      "outputs": [
        {
          "name": "IMAGE",
          "type": "IMAGE",
          "links": [
            180
          ],
          "slot_index": 0
        }
      ],
      "properties": {
        "Node name for S&R": "VAEDecode"
      }
    },
    {
      "id": 56,
      "type": "SaveImage",
      "pos": [
        1440,
        600
      ],
      "size": [
        420,
        480
      ],
      "flags": {},
      "order": 18,
      "mode": 0,
      "inputs": [
        {
          "name": "images",
          "type": "IMAGE",
          "link": 181
        }
      ],
      "properties": {},
      "widgets_values": [
        "Gligen"
      ]
    },
    {
      "id": 51,
      "type": "VAEDecode",
      "pos": [
        1230,
        630
      ],
      "size": {
        "0": 140,
        "1": 50
      },
      "flags": {},
      "order": 16,
      "mode": 0,
      "inputs": [
        {
          "name": "samples",
          "type": "LATENT",
          "link": 171
        },
        {
          "name": "vae",
          "type": "VAE",
          "link": 183
        }
      ],
      "outputs": [
        {
          "name": "IMAGE",
          "type": "IMAGE",
          "links": [
            181
          ],
          "slot_index": 0
        }
      ],
      "properties": {
        "Node name for S&R": "VAEDecode"
      }
    },
    {
      "id": 55,
      "type": "SaveImage",
      "pos": [
        1440,
        80
      ],
      "size": [
        420,
        480
      ],
      "flags": {},
      "order": 20,
      "mode": 0,
      "inputs": [
        {
          "name": "images",
          "type": "IMAGE",
          "link": 180
        }
      ],
      "properties": {},
      "widgets_values": [
        "Area"
      ]
    },
    {
      "id": 57,
      "type": "PrimitiveNode",
      "pos": [
        590,
        800
      ],
      "size": [
        210,
        80
      ],
      "flags": {},
      "order": 4,
      "mode": 0,
      "outputs": [
        {
          "name": "INT",
          "type": "INT",
          "links": [
            185,
            186
          ],
          "slot_index": 0,
          "widget": {
            "name": "seed",
            "config": [
              "INT",
              {
                "default": 0,
                "min": 0,
                "max": 18446744073709552000
              }
            ]
          }
        }
      ],
      "properties": {},
      "widgets_values": [
        10,
        "fixed"
      ]
    },
    {
      "id": 44,
      "type": "ConditioningCombine",
      "pos": [
        1110,
        170
      ],
      "size": [
        230,
        50
      ],
      "flags": {},
      "order": 15,
      "mode": 0,
      "inputs": [
        {
          "name": "conditioning_1",
          "type": "CONDITIONING",
          "link": 156
        },
        {
          "name": "conditioning_2",
          "type": "CONDITIONING",
          "link": 157
        }
      ],
      "outputs": [
        {
          "name": "CONDITIONING",
          "type": "CONDITIONING",
          "links": [
            158
          ],
          "shape": 3,
          "slot_index": 0
        }
      ],
      "properties": {
        "Node name for S&R": "ConditioningCombine"
      },
      "color": "#432",
      "bgcolor": "#653"
    },
    {
      "id": 39,
      "type": "ConditioningSetArea",
      "pos": [
        860,
        -60
      ],
      "size": [
        210,
        150
      ],
      "flags": {},
      "order": 11,
      "mode": 0,
      "inputs": [
        {
          "name": "conditioning",
          "type": "CONDITIONING",
          "link": 162
        }
      ],
      "outputs": [
        {
          "name": "CONDITIONING",
          "type": "CONDITIONING",
          "links": [
            164
          ],
          "shape": 3,
          "slot_index": 0
        }
      ],
      "properties": {
        "Node name for S&R": "ConditioningSetArea"
      },
      "widgets_values": [
        256,
        496,
        72,
        8,
        1
      ],
      "color": "#432",
      "bgcolor": "#653"
    },
    {
      "id": 40,
      "type": "ConditioningSetArea",
      "pos": [
        860,
        140
      ],
      "size": {
        "0": 210,
        "1": 150
      },
      "flags": {},
      "order": 10,
      "mode": 0,
      "inputs": [
        {
          "name": "conditioning",
          "type": "CONDITIONING",
          "link": 163
        }
      ],
      "outputs": [
        {
          "name": "CONDITIONING",
          "type": "CONDITIONING",
          "links": [
            165
          ],
          "shape": 3,
          "slot_index": 0
        }
      ],
      "properties": {
        "Node name for S&R": "ConditioningSetArea"
      },
      "widgets_values": [
        256,
        448,
        216,
        32,
        1
      ],
      "color": "#432",
      "bgcolor": "#653"
    },
    {
      "id": 41,
      "type": "ConditioningCombine",
      "pos": [
        1110,
        80
      ],
      "size": [
        230,
        50
      ],
      "flags": {},
      "order": 13,
      "mode": 0,
      "inputs": [
        {
          "name": "conditioning_1",
          "type": "CONDITIONING",
          "link": 164
        },
        {
          "name": "conditioning_2",
          "type": "CONDITIONING",
          "link": 165
        }
      ],
      "outputs": [
        {
          "name": "CONDITIONING",
          "type": "CONDITIONING",
          "links": [
            156
          ],
          "shape": 3,
          "slot_index": 0
        }
      ],
      "properties": {
        "Node name for S&R": "ConditioningCombine"
      },
      "color": "#432",
      "bgcolor": "#653"
    },
    {
      "id": 45,
      "type": "GLIGENLoader",
      "pos": [
        170,
        1020
      ],
      "size": {
        "0": 310,
        "1": 60
      },
      "flags": {},
      "order": 0,
      "mode": 0,
      "outputs": [
        {
          "name": "GLIGEN",
          "type": "GLIGEN",
          "links": [
            166,
            168
          ],
          "shape": 3,
          "slot_index": 0
        }
      ],
      "properties": {
        "Node name for S&R": "GLIGENLoader"
      },
      "widgets_values": [
        "gligen_sd14_textbox_pruned.safetensors"
      ]
    },
    {
      "id": 46,
      "type": "GLIGENTextBoxApply",
      "pos": [
        560,
        1020
      ],
      "size": [
        280,
        212
      ],
      "flags": {},
      "order": 9,
      "mode": 0,
      "inputs": [
        {
          "name": "conditioning_to",
          "type": "CONDITIONING",
          "link": 177
        },
        {
          "name": "clip",
          "type": "CLIP",
          "link": 178
        },
        {
          "name": "gligen_textbox_model",
          "type": "GLIGEN",
          "link": 166
        }
      ],
      "outputs": [
        {
          "name": "CONDITIONING",
          "type": "CONDITIONING",
          "links": [
            167
          ],
          "shape": 3,
          "slot_index": 0
        }
      ],
      "properties": {
        "Node name for S&R": "GLIGENTextBoxApply"
      },
      "widgets_values": [
        "red riding hood",
        256,
        256,
        64,
        64
      ],
      "color": "#432",
      "bgcolor": "#653"
    },
    {
      "id": 47,
      "type": "GLIGENTextBoxApply",
      "pos": [
        880,
        1020
      ],
      "size": [
        280,
        212
      ],
      "flags": {},
      "order": 12,
      "mode": 0,
      "inputs": [
        {
          "name": "conditioning_to",
          "type": "CONDITIONING",
          "link": 167
        },
        {
          "name": "clip",
          "type": "CLIP",
          "link": 179
        },
        {
          "name": "gligen_textbox_model",
          "type": "GLIGEN",
          "link": 168
        }
      ],
      "outputs": [
        {
          "name": "CONDITIONING",
          "type": "CONDITIONING",
          "links": [
            176
          ],
          "shape": 3,
          "slot_index": 0
        }
      ],
      "properties": {
        "Node name for S&R": "GLIGENTextBoxApply"
      },
      "widgets_values": [
        "wolf",
        256,
        256,
        448,
        192
      ],
      "color": "#432",
      "bgcolor": "#653"
    }
  ],
  "links": [
    [
      1,
      4,
      0,
      3,
      0,
      "MODEL"
    ],
    [
      2,
      5,
      0,
      3,
      3,
      "LATENT"
    ],
    [
      5,
      4,
      1,
      7,
      0,
      "CLIP"
    ],
    [
      6,
      7,
      0,
      3,
      2,
      "CONDITIONING"
    ],
    [
      7,
      3,
      0,
      8,
      0,
      "LATENT"
    ],
    [
      12,
      11,
      0,
      8,
      1,
      "VAE"
    ],
    [
      25,
      4,
      1,
      18,
      0,
      "CLIP"
    ],
    [
      156,
      41,
      0,
      44,
      0,
      "CONDITIONING"
    ],
    [
      157,
      18,
      0,
      44,
      1,
      "CONDITIONING"
    ],
    [
      158,
      44,
      0,
      3,
      1,
      "CONDITIONING"
    ],
    [
      160,
      4,
      1,
      43,
      0,
      "CLIP"
    ],
    [
      161,
      4,
      1,
      42,
      0,
      "CLIP"
    ],
    [
      162,
      42,
      0,
      39,
      0,
      "CONDITIONING"
    ],
    [
      163,
      43,
      0,
      40,
      0,
      "CONDITIONING"
    ],
    [
      164,
      39,
      0,
      41,
      0,
      "CONDITIONING"
    ],
    [
      165,
      40,
      0,
      41,
      1,
      "CONDITIONING"
    ],
    [
      166,
      45,
      0,
      46,
      2,
      "GLIGEN"
    ],
    [
      167,
      46,
      0,
      47,
      0,
      "CONDITIONING"
    ],
    [
      168,
      45,
      0,
      47,
      2,
      "GLIGEN"
    ],
    [
      171,
      48,
      0,
      51,
      0,
      "LATENT"
    ],
    [
      174,
      5,
      0,
      48,
      3,
      "LATENT"
    ],
    [
      176,
      47,
      0,
      48,
      1,
      "CONDITIONING"
    ],
    [
      177,
      18,
      0,
      46,
      0,
      "CONDITIONING"
    ],
    [
      178,
      4,
      1,
      46,
      1,
      "CLIP"
    ],
    [
      179,
      4,
      1,
      47,
      1,
      "CLIP"
    ],
    [
      180,
      8,
      0,
      55,
      0,
      "IMAGE"
    ],
    [
      181,
      51,
      0,
      56,
      0,
      "IMAGE"
    ],
    [
      182,
      4,
      0,
      48,
      0,
      "MODEL"
    ],
    [
      183,
      11,
      0,
      51,
      1,
      "VAE"
    ],
    [
      184,
      7,
      0,
      48,
      2,
      "CONDITIONING"
    ],
    [
      185,
      57,
      0,
      3,
      4,
      "INT"
    ],
    [
      186,
      57,
      0,
      48,
      4,
      "INT"
    ]
  ],
  "groups": [],
  "config": {},
  "extra": {},
  "version": 0.4
}