{
  "last_node_id": 38,
  "last_link_id": 90,
  "nodes": [
    {
      "id": 7,
      "type": "CLIPTextEncode",
      "pos": [
        350,
        100
      ],
      "size": [
        230,
        110
      ],
      "flags": {},
      "order": 7,
      "mode": 0,
      "inputs": [
        {
          "name": "clip",
          "type": "CLIP",
          "link": 5
        }
      ],
      "outputs": [
        {
          "name": "CONDITIONING",
          "type": "CONDITIONING",
          "links": [
            6,
            15,
            29,
            41
          ],
          "slot_index": 0
        }
      ],
      "title": "CLIP Text Encode (Negative)",
      "properties": {
        "Node name for S&R": "CLIPTextEncode"
      },
      "widgets_values": [
        "blurry, illustration, horror, naked"
      ],
      "color": "#322",
      "bgcolor": "#533"
    },
    {
      "id": 3,
      "type": "KSampler",
      "pos": [
        1210,
        230
      ],
      "size": [
        210,
        260
      ],
      "flags": {},
      "order": 15,
      "mode": 0,
      "inputs": [
        {
          "name": "model",
          "type": "MODEL",
          "link": 80
        },
        {
          "name": "positive",
          "type": "CONDITIONING",
          "link": 26
        },
        {
          "name": "negative",
          "type": "CONDITIONING",
          "link": 6
        },
        {
          "name": "latent_image",
          "type": "LATENT",
          "link": 70
        }
      ],
      "outputs": [
        {
          "name": "LATENT",
          "type": "LATENT",
          "links": [
            7
          ],
          "slot_index": 0
        }
      ],
      "properties": {
        "Node name for S&R": "KSampler"
      },
      "widgets_values": [
        124,
        "fixed",
        20,
        7,
        "dpmpp_2m",
        "karras",
        1
      ]
    },
    {
      "id": 18,
      "type": "ConditioningConcat",
      "pos": [
        910,
        240
      ],
      "size": [
        250,
        50
      ],
      "flags": {},
      "order": 11,
      "mode": 0,
      "inputs": [
        {
          "name": "conditioning_to",
          "type": "CONDITIONING",
          "link": 25
        },
        {
          "name": "conditioning_from",
          "type": "CONDITIONING",
          "link": 85
        }
      ],
      "outputs": [
        {
          "name": "CONDITIONING",
          "type": "CONDITIONING",
          "links": [
            26
          ],
          "shape": 3,
          "slot_index": 0
        }
      ],
      "properties": {
        "Node name for S&R": "ConditioningConcat"
      }
    },
    {
      "id": 8,
      "type": "VAEDecode",
      "pos": [
        1460,
        230
      ],
      "size": [
        140,
        50
      ],
      "flags": {},
      "order": 19,
      "mode": 0,
      "inputs": [
        {
          "name": "samples",
          "type": "LATENT",
          "link": 7
        },
        {
          "name": "vae",
          "type": "VAE",
          "link": 73
        }
      ],
      "outputs": [
        {
          "name": "IMAGE",
          "type": "IMAGE",
          "links": [
            9
          ],
          "slot_index": 0
        }
      ],
      "properties": {
        "Node name for S&R": "VAEDecode"
      }
    },
    {
      "id": 12,
      "type": "KSampler",
      "pos": [
        1210,
        -70
      ],
      "size": [
        210,
        260
      ],
      "flags": {},
      "order": 17,
      "mode": 0,
      "inputs": [
        {
          "name": "model",
          "type": "MODEL",
          "link": 79
        },
        {
          "name": "positive",
          "type": "CONDITIONING",
          "link": 23
        },
        {
          "name": "negative",
          "type": "CONDITIONING",
          "link": 15
        },
        {
          "name": "latent_image",
          "type": "LATENT",
          "link": 69
        }
      ],
      "outputs": [
        {
          "name": "LATENT",
          "type": "LATENT",
          "links": [
            17
          ],
          "slot_index": 0
        }
      ],
      "properties": {
        "Node name for S&R": "KSampler"
      },
      "widgets_values": [
        124,
        "fixed",
        20,
        7,
        "dpmpp_2m",
        "karras",
        1
      ]
    },
    {
      "id": 14,
      "type": "VAEDecode",
      "pos": [
        1460,
        -70
      ],
      "size": {
        "0": 140,
        "1": 50
      },
      "flags": {},
      "order": 21,
      "mode": 0,
      "inputs": [
        {
          "name": "samples",
          "type": "LATENT",
          "link": 17
        },
        {
          "name": "vae",
          "type": "VAE",
          "link": 72
        }
      ],
      "outputs": [
        {
          "name": "IMAGE",
          "type": "IMAGE",
          "links": [
            16
          ],
          "slot_index": 0
        }
      ],
      "properties": {
        "Node name for S&R": "VAEDecode"
      }
    },
    {
      "id": 25,
      "type": "KSampler",
      "pos": [
        1210,
        -370
      ],
      "size": [
        210,
        260
      ],
      "flags": {},
      "order": 20,
      "mode": 0,
      "inputs": [
        {
          "name": "model",
          "type": "MODEL",
          "link": 78
        },
        {
          "name": "positive",
          "type": "CONDITIONING",
          "link": 53
        },
        {
          "name": "negative",
          "type": "CONDITIONING",
          "link": 41
        },
        {
          "name": "latent_image",
          "type": "LATENT",
          "link": 68
        }
      ],
      "outputs": [
        {
          "name": "LATENT",
          "type": "LATENT",
          "links": [
            37
          ],
          "slot_index": 0
        }
      ],
      "properties": {
        "Node name for S&R": "KSampler"
      },
      "widgets_values": [
        124,
        "fixed",
        20,
        7,
        "dpmpp_2m",
        "karras",
        1
      ]
    },
    {
      "id": 23,
      "type": "ConditioningSetTimestepRange",
      "pos": [
        660,
        -250
      ],
      "size": [
        240,
        80
      ],
      "flags": {},
      "order": 10,
      "mode": 0,
      "inputs": [
        {
          "name": "conditioning",
          "type": "CONDITIONING",
          "link": 88
        }
      ],
      "outputs": [
        {
          "name": "CONDITIONING",
          "type": "CONDITIONING",
          "links": [
            43
          ],
          "shape": 3,
          "slot_index": 0
        }
      ],
      "properties": {
        "Node name for S&R": "ConditioningSetTimestepRange"
      },
      "widgets_values": [
        0.85,
        1
      ]
    },
    {
      "id": 24,
      "type": "ConditioningSetTimestepRange",
      "pos": [
        660,
        -370
      ],
      "size": {
        "0": 240,
        "1": 80
      },
      "flags": {},
      "order": 12,
      "mode": 0,
      "inputs": [
        {
          "name": "conditioning",
          "type": "CONDITIONING",
          "link": 46
        }
      ],
      "outputs": [
        {
          "name": "CONDITIONING",
          "type": "CONDITIONING",
          "links": [
            44
          ],
          "shape": 3,
          "slot_index": 0
        }
      ],
      "properties": {
        "Node name for S&R": "ConditioningSetTimestepRange"
      },
      "widgets_values": [
        0,
        0.85
      ]
    },
    {
      "id": 28,
      "type": "ConditioningCombine",
      "pos": [
        930,
        -370
      ],
      "size": [
        240,
        50
      ],
      "flags": {},
      "order": 16,
      "mode": 0,
      "inputs": [
        {
          "name": "conditioning_1",
          "type": "CONDITIONING",
          "link": 44
        },
        {
          "name": "conditioning_2",
          "type": "CONDITIONING",
          "link": 43
        }
      ],
      "outputs": [
        {
          "name": "CONDITIONING",
          "type": "CONDITIONING",
          "links": [
            53
          ],
          "shape": 3,
          "slot_index": 0
        }
      ],
      "properties": {
        "Node name for S&R": "ConditioningCombine"
      }
    },
    {
      "id": 26,
      "type": "VAEDecode",
      "pos": [
        1460,
        -370
      ],
      "size": [
        140,
        50
      ],
      "flags": {},
      "order": 24,
      "mode": 0,
      "inputs": [
        {
          "name": "samples",
          "type": "LATENT",
          "link": 37
        },
        {
          "name": "vae",
          "type": "VAE",
          "link": 74
        }
      ],
      "outputs": [
        {
          "name": "IMAGE",
          "type": "IMAGE",
          "links": [
            38
          ],
          "slot_index": 0
        }
      ],
      "properties": {
        "Node name for S&R": "VAEDecode"
      }
    },
    {
      "id": 20,
      "type": "KSampler",
      "pos": [
        1210,
        -670
      ],
      "size": [
        210,
        260
      ],
      "flags": {},
      "order": 14,
      "mode": 0,
      "inputs": [
        {
          "name": "model",
          "type": "MODEL",
          "link": 77
        },
        {
          "name": "positive",
          "type": "CONDITIONING",
          "link": 28
        },
        {
          "name": "negative",
          "type": "CONDITIONING",
          "link": 29
        },
        {
          "name": "latent_image",
          "type": "LATENT",
          "link": 67
        }
      ],
      "outputs": [
        {
          "name": "LATENT",
          "type": "LATENT",
          "links": [
            33
          ],
          "slot_index": 0
        }
      ],
      "properties": {
        "Node name for S&R": "KSampler"
      },
      "widgets_values": [
        124,
        "fixed",
        20,
        7,
        "dpmpp_2m",
        "karras",
        1
      ]
    },
    {
      "id": 21,
      "type": "VAEDecode",
      "pos": [
        1460,
        -670
      ],
      "size": {
        "0": 140,
        "1": 50
      },
      "flags": {},
      "order": 18,
      "mode": 0,
      "inputs": [
        {
          "name": "samples",
          "type": "LATENT",
          "link": 33
        },
        {
          "name": "vae",
          "type": "VAE",
          "link": 75
        }
      ],
      "outputs": [
        {
          "name": "IMAGE",
          "type": "IMAGE",
          "links": [
            32
          ],
          "slot_index": 0
        }
      ],
      "properties": {
        "Node name for S&R": "VAEDecode"
      }
    },
    {
      "id": 22,
      "type": "SaveImage",
      "pos": [
        1670,
        -1010
      ],
      "size": {
        "0": 410,
        "1": 460
      },
      "flags": {},
      "order": 22,
      "mode": 0,
      "inputs": [
        {
          "name": "images",
          "type": "IMAGE",
          "link": 32
        }
      ],
      "properties": {},
      "widgets_values": [
        "Simple"
      ]
    },
    {
      "id": 27,
      "type": "SaveImage",
      "pos": [
        1670,
        -500
      ],
      "size": {
        "0": 410,
        "1": 460
      },
      "flags": {},
      "order": 26,
      "mode": 0,
      "inputs": [
        {
          "name": "images",
          "type": "IMAGE",
          "link": 38
        }
      ],
      "properties": {},
      "widgets_values": [
        "Timestepping"
      ]
    },
    {
      "id": 15,
      "type": "SaveImage",
      "pos": [
        1670,
        0
      ],
      "size": {
        "0": 410,
        "1": 460
      },
      "flags": {},
      "order": 25,
      "mode": 0,
      "inputs": [
        {
          "name": "images",
          "type": "IMAGE",
          "link": 16
        }
      ],
      "properties": {},
      "widgets_values": [
        "Average"
      ]
    },
    {
      "id": 9,
      "type": "SaveImage",
      "pos": [
        1670,
        500
      ],
      "size": {
        "0": 410,
        "1": 460
      },
      "flags": {},
      "order": 23,
      "mode": 0,
      "inputs": [
        {
          "name": "images",
          "type": "IMAGE",
          "link": 9
        }
      ],
      "properties": {},
      "widgets_values": [
        "Concat"
      ]
    },
    {
      "id": 5,
      "type": "EmptyLatentImage",
      "pos": [
        20,
        -100
      ],
      "size": [
        210,
        110
      ],
      "flags": {},
      "order": 0,
      "mode": 0,
      "outputs": [
        {
          "name": "LATENT",
          "type": "LATENT",
          "links": [
            66
          ],
          "slot_index": 0
        }
      ],
      "properties": {
        "Node name for S&R": "EmptyLatentImage"
      },
      "widgets_values": [
        512,
        512,
        1
      ]
    },
    {
      "id": 11,
      "type": "VAELoader",
      "pos": [
        -70,
        60
      ],
      "size": {
        "0": 300,
        "1": 60
      },
      "flags": {},
      "order": 1,
      "mode": 0,
      "outputs": [
        {
          "name": "VAE",
          "type": "VAE",
          "links": [
            71
          ],
          "shape": 3,
          "slot_index": 0
        }
      ],
      "properties": {
        "Node name for S&R": "VAELoader"
      },
      "widgets_values": [
        "vae-ft-mse-840000-ema-pruned.safetensors"
      ]
    },
    {
      "id": 4,
      "type": "CheckpointLoaderSimple",
      "pos": [
        -110,
        -250
      ],
      "size": {
        "0": 340,
        "1": 100
      },
      "flags": {},
      "order": 2,
      "mode": 0,
      "outputs": [
        {
          "name": "MODEL",
          "type": "MODEL",
          "links": [
            76
          ],
          "slot_index": 0
        },
        {
          "name": "CLIP",
          "type": "CLIP",
          "links": [
            3,
            5,
            13,
            27
          ],
          "slot_index": 1
        },
        {
          "name": "VAE",
          "type": "VAE",
          "links": [],
          "slot_index": 2
        }
      ],
      "properties": {
        "Node name for S&R": "CheckpointLoaderSimple"
      },
      "widgets_values": [
        "realisticVisionV30_v30VAE.safetensors"
      ]
    },
    {
      "id": 37,
      "type": "Reroute",
      "pos": [
        710,
        -10
      ],
      "size": [
        75,
        26
      ],
      "flags": {},
      "order": 5,
      "mode": 0,
      "inputs": [
        {
          "name": "",
          "type": "*",
          "link": 76
        }
      ],
      "outputs": [
        {
          "name": "",
          "type": "MODEL",
          "links": [
            77,
            78,
            79,
            80
          ],
          "slot_index": 0
        }
      ],
      "properties": {
        "showOutputText": false,
        "horizontal": false
      }
    },
    {
      "id": 36,
      "type": "Reroute",
      "pos": [
        710,
        -50
      ],
      "size": [
        75,
        26
      ],
      "flags": {},
      "order": 4,
      "mode": 0,
      "inputs": [
        {
          "name": "",
          "type": "*",
          "link": 71
        }
      ],
      "outputs": [
        {
          "name": "",
          "type": "VAE",
          "links": [
            72,
            73,
            74,
            75
          ],
          "slot_index": 0
        }
      ],
      "properties": {
        "showOutputText": false,
        "horizontal": false
      }
    },
    {
      "id": 6,
      "type": "CLIPTextEncode",
      "pos": [
        350,
        -50
      ],
      "size": [
        230,
        110
      ],
      "flags": {},
      "order": 6,
      "mode": 0,
      "inputs": [
        {
          "name": "clip",
          "type": "CLIP",
          "link": 3
        }
      ],
      "outputs": [
        {
          "name": "CONDITIONING",
          "type": "CONDITIONING",
          "links": [
            85,
            88,
            89
          ],
          "slot_index": 0
        }
      ],
      "title": "CLIP Text Encode (Positive)",
      "properties": {
        "Node name for S&R": "CLIPTextEncode"
      },
      "widgets_values": [
        "a professional photo of liv tyler\n\ncinematic, high resolution, detailed, 4k"
      ],
      "color": "#232",
      "bgcolor": "#353"
    },
    {
      "id": 17,
      "type": "ConditioningAverage ",
      "pos": [
        920,
        -70
      ],
      "size": [
        250,
        80
      ],
      "flags": {},
      "order": 13,
      "mode": 0,
      "inputs": [
        {
          "name": "conditioning_to",
          "type": "CONDITIONING",
          "link": 89
        },
        {
          "name": "conditioning_from",
          "type": "CONDITIONING",
          "link": 90
        }
      ],
      "outputs": [
        {
          "name": "CONDITIONING",
          "type": "CONDITIONING",
          "links": [
            23
          ],
          "shape": 3,
          "slot_index": 0
        }
      ],
      "properties": {
        "Node name for S&R": "ConditioningAverage "
      },
      "widgets_values": [
        0.4
      ]
    },
    {
      "id": 13,
      "type": "CLIPTextEncode",
      "pos": [
        350,
        -210
      ],
      "size": [
        230,
        120
      ],
      "flags": {},
      "order": 8,
      "mode": 0,
      "inputs": [
        {
          "name": "clip",
          "type": "CLIP",
          "link": 13
        }
      ],
      "outputs": [
        {
          "name": "CONDITIONING",
          "type": "CONDITIONING",
          "links": [
            25,
            46,
            90
          ],
          "slot_index": 0
        }
      ],
      "title": "CLIP Text Encode (Positive)",
      "properties": {
        "Node name for S&R": "CLIPTextEncode"
      },
      "widgets_values": [
        "a professional photo of young linda hamilton\n\ncinematic, high resolution, detailed, 4k"
      ],
      "color": "#232",
      "bgcolor": "#353"
    },
    {
      "id": 35,
      "type": "Reroute",
      "pos": [
        710,
        -90
      ],
      "size": [
        75,
        26
      ],
      "flags": {},
      "order": 3,
      "mode": 0,
      "inputs": [
        {
          "name": "",
          "type": "*",
          "link": 66
        }
      ],
      "outputs": [
        {
          "name": "",
          "type": "LATENT",
          "links": [
            67,
            68,
            69,
            70
          ],
          "slot_index": 0
        }
      ],
      "properties": {
        "showOutputText": false,
        "horizontal": false
      }
    },
    {
      "id": 19,
      "type": "CLIPTextEncode",
      "pos": [
        350,
        -440
      ],
      "size": [
        230,
        120
      ],
      "flags": {},
      "order": 9,
      "mode": 0,
      "inputs": [
        {
          "name": "clip",
          "type": "CLIP",
          "link": 27
        }
      ],
      "outputs": [
        {
          "name": "CONDITIONING",
          "type": "CONDITIONING",
          "links": [
            28
          ],
          "slot_index": 0
        }
      ],
      "title": "CLIP Text Encode (Positive)",
      "properties": {
        "Node name for S&R": "CLIPTextEncode"
      },
      "widgets_values": [
        "a professional photo of young linda hamilton liv tyler\n\ncinematic, high resolution, detailed, 4k"
      ],
      "color": "#232",
      "bgcolor": "#353"
    }
  ],
  "links": [
    [
      3,
      4,
      1,
      6,
      0,
      "CLIP"
    ],
    [
      5,
      4,
      1,
      7,
      0,
      "CLIP"
    ],
    [
      6,
      7,
      0,
      3,
      2,
      "CONDITIONING"
    ],
    [
      7,
      3,
      0,
      8,
      0,
      "LATENT"
    ],
    [
      9,
      8,
      0,
      9,
      0,
      "IMAGE"
    ],
    [
      13,
      4,
      1,
      13,
      0,
      "CLIP"
    ],
    [
      15,
      7,
      0,
      12,
      2,
      "CONDITIONING"
    ],
    [
      16,
      14,
      0,
      15,
      0,
      "IMAGE"
    ],
    [
      17,
      12,
      0,
      14,
      0,
      "LATENT"
    ],
    [
      23,
      17,
      0,
      12,
      1,
      "CONDITIONING"
    ],
    [
      25,
      13,
      0,
      18,
      0,
      "CONDITIONING"
    ],
    [
      26,
      18,
      0,
      3,
      1,
      "CONDITIONING"
    ],
    [
      27,
      4,
      1,
      19,
      0,
      "CLIP"
    ],
    [
      28,
      19,
      0,
      20,
      1,
      "CONDITIONING"
    ],
    [
      29,
      7,
      0,
      20,
      2,
      "CONDITIONING"
    ],
    [
      32,
      21,
      0,
      22,
      0,
      "IMAGE"
    ],
    [
      33,
      20,
      0,
      21,
      0,
      "LATENT"
    ],
    [
      37,
      25,
      0,
      26,
      0,
      "LATENT"
    ],
    [
      38,
      26,
      0,
      27,
      0,
      "IMAGE"
    ],
    [
      41,
      7,
      0,
      25,
      2,
      "CONDITIONING"
    ],
    [
      43,
      23,
      0,
      28,
      1,
      "CONDITIONING"
    ],
    [
      44,
      24,
      0,
      28,
      0,
      "CONDITIONING"
    ],
    [
      46,
      13,
      0,
      24,
      0,
      "CONDITIONING"
    ],
    [
      53,
      28,
      0,
      25,
      1,
      "CONDITIONING"
    ],
    [
      66,
      5,
      0,
      35,
      0,
      "*"
    ],
    [
      67,
      35,
      0,
      20,
      3,
      "LATENT"
    ],
    [
      68,
      35,
      0,
      25,
      3,
      "LATENT"
    ],
    [
      69,
      35,
      0,
      12,
      3,
      "LATENT"
    ],
    [
      70,
      35,
      0,
      3,
      3,
      "LATENT"
    ],
    [
      71,
      11,
      0,
      36,
      0,
      "*"
    ],
    [
      72,
      36,
      0,
      14,
      1,
      "VAE"
    ],
    [
      73,
      36,
      0,
      8,
      1,
      "VAE"
    ],
    [
      74,
      36,
      0,
      26,
      1,
      "VAE"
    ],
    [
      75,
      36,
      0,
      21,
      1,
      "VAE"
    ],
    [
      76,
      4,
      0,
      37,
      0,
      "*"
    ],
    [
      77,
      37,
      0,
      20,
      0,
      "MODEL"
    ],
    [
      78,
      37,
      0,
      25,
      0,
      "MODEL"
    ],
    [
      79,
      37,
      0,
      12,
      0,
      "MODEL"
    ],
    [
      80,
      37,
      0,
      3,
      0,
      "MODEL"
    ],
    [
      85,
      6,
      0,
      18,
      1,
      "CONDITIONING"
    ],
    [
      88,
      6,
      0,
      23,
      0,
      "CONDITIONING"
    ],
    [
      89,
      6,
      0,
      17,
      0,
      "CONDITIONING"
    ],
    [
      90,
      13,
      0,
      17,
      1,
      "CONDITIONING"
    ]
  ],
  "groups": [],
  "config": {},
  "extra": {},
  "version": 0.4
}