{
  "last_node_id": 34,
  "last_link_id": 65,
  "nodes": [
    {
      "id": 25,
      "type": "KSampler",
      "pos": [
        750,
        340
      ],
      "size": [
        210,
        220
      ],
      "flags": {},
      "order": 14,
      "mode": 0,
      "inputs": [
        {
          "name": "model",
          "type": "MODEL",
          "link": 60
        },
        {
          "name": "positive",
          "type": "CONDITIONING",
          "link": 38
        },
        {
          "name": "negative",
          "type": "CONDITIONING",
          "link": 35
        },
        {
          "name": "latent_image",
          "type": "LATENT",
          "link": 28
        },
        {
          "name": "seed",
          "type": "INT",
          "link": 32,
          "widget": {
            "name": "seed",
            "config": [
              "INT",
              {
                "default": 0,
                "min": 0,
                "max": 18446744073709552000
              }
            ]
          }
        },
        {
          "name": "steps",
          "type": "INT",
          "link": 42,
          "widget": {
            "name": "steps",
            "config": [
              "INT",
              {
                "default": 20,
                "min": 1,
                "max": 10000
              }
            ]
          }
        },
        {
          "name": "cfg",
          "type": "FLOAT",
          "link": 46,
          "widget": {
            "name": "cfg",
            "config": [
              "FLOAT",
              {
                "default": 8,
                "min": 0,
                "max": 100
              }
            ]
          }
        },
        {
          "name": "sampler_name",
          "type": "euler,euler_ancestral,heun,dpm_2,dpm_2_ancestral,lms,dpm_fast,dpm_adaptive,dpmpp_2s_ancestral,dpmpp_sde,dpmpp_sde_gpu,dpmpp_2m,dpmpp_2m_sde,dpmpp_2m_sde_gpu,dpmpp_3m_sde,dpmpp_3m_sde_gpu,ddim,uni_pc,uni_pc_bh2",
          "link": 50,
          "widget": {
            "name": "sampler_name",
            "config": [
              [
                "euler",
                "euler_ancestral",
                "heun",
                "dpm_2",
                "dpm_2_ancestral",
                "lms",
                "dpm_fast",
                "dpm_adaptive",
                "dpmpp_2s_ancestral",
                "dpmpp_sde",
                "dpmpp_sde_gpu",
                "dpmpp_2m",
                "dpmpp_2m_sde",
                "dpmpp_2m_sde_gpu",
                "dpmpp_3m_sde",
                "dpmpp_3m_sde_gpu",
                "ddim",
                "uni_pc",
                "uni_pc_bh2"
              ]
            ]
          }
        },
        {
          "name": "scheduler",
          "type": "normal,karras,exponential,sgm_uniform,simple,ddim_uniform",
          "link": 54,
          "widget": {
            "name": "scheduler",
            "config": [
              [
                "normal",
                "karras",
                "exponential",
                "sgm_uniform",
                "simple",
                "ddim_uniform"
              ]
            ]
          }
        }
      ],
      "outputs": [
        {
          "name": "LATENT",
          "type": "LATENT",
          "links": [
            59
          ],
          "slot_index": 0
        }
      ],
      "properties": {
        "Node name for S&R": "KSampler"
      },
      "widgets_values": [
        1,
        "fixed",
        20,
        7,
        "dpmpp_2m",
        "karras",
        1
      ]
    },
    {
      "id": 26,
      "type": "KSampler",
      "pos": [
        750,
        600
      ],
      "size": [
        210,
        220
      ],
      "flags": {},
      "order": 15,
      "mode": 0,
      "inputs": [
        {
          "name": "model",
          "type": "MODEL",
          "link": 61
        },
        {
          "name": "positive",
          "type": "CONDITIONING",
          "link": 39
        },
        {
          "name": "negative",
          "type": "CONDITIONING",
          "link": 36
        },
        {
          "name": "latent_image",
          "type": "LATENT",
          "link": 29
        },
        {
          "name": "seed",
          "type": "INT",
          "link": 33,
          "widget": {
            "name": "seed",
            "config": [
              "INT",
              {
                "default": 0,
                "min": 0,
                "max": 18446744073709552000
              }
            ]
          }
        },
        {
          "name": "steps",
          "type": "INT",
          "link": 43,
          "widget": {
            "name": "steps",
            "config": [
              "INT",
              {
                "default": 20,
                "min": 1,
                "max": 10000
              }
            ]
          }
        },
        {
          "name": "cfg",
          "type": "FLOAT",
          "link": 47,
          "widget": {
            "name": "cfg",
            "config": [
              "FLOAT",
              {
                "default": 8,
                "min": 0,
                "max": 100
              }
            ]
          }
        },
        {
          "name": "sampler_name",
          "type": "euler,euler_ancestral,heun,dpm_2,dpm_2_ancestral,lms,dpm_fast,dpm_adaptive,dpmpp_2s_ancestral,dpmpp_sde,dpmpp_sde_gpu,dpmpp_2m,dpmpp_2m_sde,dpmpp_2m_sde_gpu,dpmpp_3m_sde,dpmpp_3m_sde_gpu,ddim,uni_pc,uni_pc_bh2",
          "link": 51,
          "widget": {
            "name": "sampler_name",
            "config": [
              [
                "euler",
                "euler_ancestral",
                "heun",
                "dpm_2",
                "dpm_2_ancestral",
                "lms",
                "dpm_fast",
                "dpm_adaptive",
                "dpmpp_2s_ancestral",
                "dpmpp_sde",
                "dpmpp_sde_gpu",
                "dpmpp_2m",
                "dpmpp_2m_sde",
                "dpmpp_2m_sde_gpu",
                "dpmpp_3m_sde",
                "dpmpp_3m_sde_gpu",
                "ddim",
                "uni_pc",
                "uni_pc_bh2"
              ]
            ]
          }
        },
        {
          "name": "scheduler",
          "type": "normal,karras,exponential,sgm_uniform,simple,ddim_uniform",
          "link": 55,
          "widget": {
            "name": "scheduler",
            "config": [
              [
                "normal",
                "karras",
                "exponential",
                "sgm_uniform",
                "simple",
                "ddim_uniform"
              ]
            ]
          }
        }
      ],
      "outputs": [
        {
          "name": "LATENT",
          "type": "LATENT",
          "links": [
            58
          ],
          "slot_index": 0
        }
      ],
      "properties": {
        "Node name for S&R": "KSampler"
      },
      "widgets_values": [
        1,
        "fixed",
        20,
        7,
        "dpmpp_2m",
        "karras",
        1
      ]
    },
    {
      "id": 27,
      "type": "KSampler",
      "pos": [
        750,
        860
      ],
      "size": [
        210,
        220
      ],
      "flags": {},
      "order": 16,
      "mode": 0,
      "inputs": [
        {
          "name": "model",
          "type": "MODEL",
          "link": 62
        },
        {
          "name": "positive",
          "type": "CONDITIONING",
          "link": 40
        },
        {
          "name": "negative",
          "type": "CONDITIONING",
          "link": 37
        },
        {
          "name": "latent_image",
          "type": "LATENT",
          "link": 30
        },
        {
          "name": "seed",
          "type": "INT",
          "link": 34,
          "widget": {
            "name": "seed",
            "config": [
              "INT",
              {
                "default": 0,
                "min": 0,
                "max": 18446744073709552000
              }
            ]
          }
        },
        {
          "name": "steps",
          "type": "INT",
          "link": 44,
          "widget": {
            "name": "steps",
            "config": [
              "INT",
              {
                "default": 20,
                "min": 1,
                "max": 10000
              }
            ]
          }
        },
        {
          "name": "cfg",
          "type": "FLOAT",
          "link": 48,
          "widget": {
            "name": "cfg",
            "config": [
              "FLOAT",
              {
                "default": 8,
                "min": 0,
                "max": 100
              }
            ]
          }
        },
        {
          "name": "sampler_name",
          "type": "euler,euler_ancestral,heun,dpm_2,dpm_2_ancestral,lms,dpm_fast,dpm_adaptive,dpmpp_2s_ancestral,dpmpp_sde,dpmpp_sde_gpu,dpmpp_2m,dpmpp_2m_sde,dpmpp_2m_sde_gpu,dpmpp_3m_sde,dpmpp_3m_sde_gpu,ddim,uni_pc,uni_pc_bh2",
          "link": 52,
          "widget": {
            "name": "sampler_name",
            "config": [
              [
                "euler",
                "euler_ancestral",
                "heun",
                "dpm_2",
                "dpm_2_ancestral",
                "lms",
                "dpm_fast",
                "dpm_adaptive",
                "dpmpp_2s_ancestral",
                "dpmpp_sde",
                "dpmpp_sde_gpu",
                "dpmpp_2m",
                "dpmpp_2m_sde",
                "dpmpp_2m_sde_gpu",
                "dpmpp_3m_sde",
                "dpmpp_3m_sde_gpu",
                "ddim",
                "uni_pc",
                "uni_pc_bh2"
              ]
            ]
          }
        },
        {
          "name": "scheduler",
          "type": "normal,karras,exponential,sgm_uniform,simple,ddim_uniform",
          "link": 56,
          "widget": {
            "name": "scheduler",
            "config": [
              [
                "normal",
                "karras",
                "exponential",
                "sgm_uniform",
                "simple",
                "ddim_uniform"
              ]
            ]
          }
        }
      ],
      "outputs": [
        {
          "name": "LATENT",
          "type": "LATENT",
          "links": [
            57
          ],
          "slot_index": 0
        }
      ],
      "properties": {
        "Node name for S&R": "KSampler"
      },
      "widgets_values": [
        1,
        "fixed",
        20,
        7,
        "dpmpp_2m",
        "karras",
        1
      ]
    },
    {
      "id": 21,
      "type": "VAEDecode",
      "pos": [
        1010,
        840
      ],
      "size": [
        140,
        50
      ],
      "flags": {},
      "order": 20,
      "mode": 0,
      "inputs": [
        {
          "name": "samples",
          "type": "LATENT",
          "link": 57
        },
        {
          "name": "vae",
          "type": "VAE",
          "link": 27
        }
      ],
      "outputs": [
        {
          "name": "IMAGE",
          "type": "IMAGE",
          "links": [
            21
          ],
          "slot_index": 0
        }
      ],
      "properties": {
        "Node name for S&R": "VAEDecode"
      }
    },
    {
      "id": 17,
      "type": "VAEDecode",
      "pos": [
        1010,
        580
      ],
      "size": [
        140,
        50
      ],
      "flags": {},
      "order": 19,
      "mode": 0,
      "inputs": [
        {
          "name": "samples",
          "type": "LATENT",
          "link": 58
        },
        {
          "name": "vae",
          "type": "VAE",
          "link": 26
        }
      ],
      "outputs": [
        {
          "name": "IMAGE",
          "type": "IMAGE",
          "links": [
            18
          ],
          "slot_index": 0
        }
      ],
      "properties": {
        "Node name for S&R": "VAEDecode"
      }
    },
    {
      "id": 13,
      "type": "VAEDecode",
      "pos": [
        1010,
        480
      ],
      "size": [
        140,
        50
      ],
      "flags": {},
      "order": 18,
      "mode": 0,
      "inputs": [
        {
          "name": "samples",
          "type": "LATENT",
          "link": 59
        },
        {
          "name": "vae",
          "type": "VAE",
          "link": 25
        }
      ],
      "outputs": [
        {
          "name": "IMAGE",
          "type": "IMAGE",
          "links": [
            15
          ],
          "slot_index": 0
        }
      ],
      "properties": {
        "Node name for S&R": "VAEDecode"
      }
    },
    {
      "id": 8,
      "type": "VAEDecode",
      "pos": [
        1010,
        230
      ],
      "size": [
        140,
        50
      ],
      "flags": {},
      "order": 17,
      "mode": 0,
      "inputs": [
        {
          "name": "samples",
          "type": "LATENT",
          "link": 7
        },
        {
          "name": "vae",
          "type": "VAE",
          "link": 12
        }
      ],
      "outputs": [
        {
          "name": "IMAGE",
          "type": "IMAGE",
          "links": [
            9
          ],
          "slot_index": 0
        }
      ],
      "properties": {
        "Node name for S&R": "VAEDecode"
      }
    },
    {
      "id": 24,
      "type": "CLIPTextEncode",
      "pos": [
        460,
        410
      ],
      "size": [
        230,
        76
      ],
      "flags": {},
      "order": 10,
      "mode": 0,
      "inputs": [
        {
          "name": "clip",
          "type": "CLIP",
          "link": 63
        }
      ],
      "outputs": [
        {
          "name": "CONDITIONING",
          "type": "CONDITIONING",
          "links": [
            35
          ],
          "slot_index": 0
        }
      ],
      "title": "CLIP Text Encode (Negative)",
      "properties": {
        "Node name for S&R": "CLIPTextEncode"
      },
      "widgets_values": [
        "photography, blurry, low quality, sketch, horror"
      ],
      "color": "#322",
      "bgcolor": "#533"
    },
    {
      "id": 7,
      "type": "CLIPTextEncode",
      "pos": [
        460,
        150
      ],
      "size": [
        230,
        76
      ],
      "flags": {},
      "order": 9,
      "mode": 0,
      "inputs": [
        {
          "name": "clip",
          "type": "CLIP",
          "link": 5
        }
      ],
      "outputs": [
        {
          "name": "CONDITIONING",
          "type": "CONDITIONING",
          "links": [
            6
          ],
          "slot_index": 0
        }
      ],
      "title": "CLIP Text Encode (Negative)",
      "properties": {
        "Node name for S&R": "CLIPTextEncode"
      },
      "widgets_values": [
        "photography, blurry, low quality, sketch"
      ],
      "color": "#322",
      "bgcolor": "#533"
    },
    {
      "id": 5,
      "type": "EmptyLatentImage",
      "pos": [
        160,
        250
      ],
      "size": {
        "0": 220,
        "1": 106
      },
      "flags": {},
      "order": 0,
      "mode": 0,
      "outputs": [
        {
          "name": "LATENT",
          "type": "LATENT",
          "links": [
            2,
            28,
            29,
            30
          ],
          "slot_index": 0
        }
      ],
      "properties": {
        "Node name for S&R": "EmptyLatentImage"
      },
      "widgets_values": [
        512,
        512,
        1
      ]
    },
    {
      "id": 11,
      "type": "VAELoader",
      "pos": [
        80,
        400
      ],
      "size": {
        "0": 300,
        "1": 60
      },
      "flags": {},
      "order": 1,
      "mode": 0,
      "outputs": [
        {
          "name": "VAE",
          "type": "VAE",
          "links": [
            12,
            25,
            26,
            27
          ],
          "shape": 3,
          "slot_index": 0
        }
      ],
      "properties": {
        "Node name for S&R": "VAELoader"
      },
      "widgets_values": [
        "vae-ft-mse-840000-ema-pruned.safetensors"
      ]
    },
    {
      "id": 28,
      "type": "PrimitiveNode",
      "pos": [
        170,
        500
      ],
      "size": [
        210,
        80
      ],
      "flags": {},
      "order": 2,
      "mode": 0,
      "outputs": [
        {
          "name": "INT",
          "type": "INT",
          "links": [
            31,
            32,
            33,
            34
          ],
          "slot_index": 0,
          "widget": {
            "name": "seed",
            "config": [
              "INT",
              {
                "default": 0,
                "min": 0,
                "max": 18446744073709552000
              }
            ]
          }
        }
      ],
      "title": "Seed",
      "properties": {},
      "widgets_values": [
        1,
        "fixed"
      ]
    },
    {
      "id": 31,
      "type": "PrimitiveNode",
      "pos": [
        170,
        620
      ],
      "size": [
        210,
        80
      ],
      "flags": {},
      "order": 3,
      "mode": 0,
      "outputs": [
        {
          "name": "INT",
          "type": "INT",
          "links": [
            41,
            42,
            43,
            44
          ],
          "slot_index": 0,
          "widget": {
            "name": "steps",
            "config": [
              "INT",
              {
                "default": 20,
                "min": 1,
                "max": 10000
              }
            ]
          }
        }
      ],
      "title": "Steps",
      "properties": {},
      "widgets_values": [
        20,
        "fixed"
      ]
    },
    {
      "id": 32,
      "type": "PrimitiveNode",
      "pos": [
        170,
        740
      ],
      "size": [
        210,
        80
      ],
      "flags": {},
      "order": 4,
      "mode": 0,
      "outputs": [
        {
          "name": "FLOAT",
          "type": "FLOAT",
          "links": [
            45,
            46,
            47,
            48
          ],
          "slot_index": 0,
          "widget": {
            "name": "cfg",
            "config": [
              "FLOAT",
              {
                "default": 8,
                "min": 0,
                "max": 100
              }
            ]
          }
        }
      ],
      "title": "CFG",
      "properties": {},
      "widgets_values": [
        7,
        "fixed"
      ]
    },
    {
      "id": 33,
      "type": "PrimitiveNode",
      "pos": [
        170,
        860
      ],
      "size": [
        210,
        80
      ],
      "flags": {},
      "order": 5,
      "mode": 0,
      "outputs": [
        {
          "name": "COMBO",
          "type": "euler,euler_ancestral,heun,dpm_2,dpm_2_ancestral,lms,dpm_fast,dpm_adaptive,dpmpp_2s_ancestral,dpmpp_sde,dpmpp_sde_gpu,dpmpp_2m,dpmpp_2m_sde,dpmpp_2m_sde_gpu,dpmpp_3m_sde,dpmpp_3m_sde_gpu,ddim,uni_pc,uni_pc_bh2",
          "links": [
            49,
            50,
            51,
            52
          ],
          "slot_index": 0,
          "widget": {
            "name": "sampler_name",
            "config": [
              [
                "euler",
                "euler_ancestral",
                "heun",
                "dpm_2",
                "dpm_2_ancestral",
                "lms",
                "dpm_fast",
                "dpm_adaptive",
                "dpmpp_2s_ancestral",
                "dpmpp_sde",
                "dpmpp_sde_gpu",
                "dpmpp_2m",
                "dpmpp_2m_sde",
                "dpmpp_2m_sde_gpu",
                "dpmpp_3m_sde",
                "dpmpp_3m_sde_gpu",
                "ddim",
                "uni_pc",
                "uni_pc_bh2"
              ]
            ]
          }
        }
      ],
      "title": "Sampler",
      "properties": {},
      "widgets_values": [
        "dpmpp_2m",
        "fixed"
      ]
    },
    {
      "id": 34,
      "type": "PrimitiveNode",
      "pos": [
        170,
        980
      ],
      "size": [
        210,
        80
      ],
      "flags": {},
      "order": 6,
      "mode": 0,
      "outputs": [
        {
          "name": "COMBO",
          "type": "normal,karras,exponential,sgm_uniform,simple,ddim_uniform",
          "links": [
            53,
            54,
            55,
            56
          ],
          "slot_index": 0,
          "widget": {
            "name": "scheduler",
            "config": [
              [
                "normal",
                "karras",
                "exponential",
                "sgm_uniform",
                "simple",
                "ddim_uniform"
              ]
            ]
          }
        }
      ],
      "title": "Scheduler",
      "properties": {},
      "widgets_values": [
        "karras",
        "fixed"
      ]
    },
    {
      "id": 3,
      "type": "KSampler",
      "pos": [
        760,
        80
      ],
      "size": [
        210,
        220
      ],
      "flags": {},
      "order": 13,
      "mode": 0,
      "inputs": [
        {
          "name": "model",
          "type": "MODEL",
          "link": 1
        },
        {
          "name": "positive",
          "type": "CONDITIONING",
          "link": 4
        },
        {
          "name": "negative",
          "type": "CONDITIONING",
          "link": 6
        },
        {
          "name": "latent_image",
          "type": "LATENT",
          "link": 2
        },
        {
          "name": "seed",
          "type": "INT",
          "link": 31,
          "widget": {
            "name": "seed",
            "config": [
              "INT",
              {
                "default": 0,
                "min": 0,
                "max": 18446744073709552000
              }
            ]
          }
        },
        {
          "name": "steps",
          "type": "INT",
          "link": 41,
          "widget": {
            "name": "steps",
            "config": [
              "INT",
              {
                "default": 20,
                "min": 1,
                "max": 10000
              }
            ]
          }
        },
        {
          "name": "cfg",
          "type": "FLOAT",
          "link": 45,
          "widget": {
            "name": "cfg",
            "config": [
              "FLOAT",
              {
                "default": 8,
                "min": 0,
                "max": 100
              }
            ]
          }
        },
        {
          "name": "sampler_name",
          "type": "euler,euler_ancestral,heun,dpm_2,dpm_2_ancestral,lms,dpm_fast,dpm_adaptive,dpmpp_2s_ancestral,dpmpp_sde,dpmpp_sde_gpu,dpmpp_2m,dpmpp_2m_sde,dpmpp_2m_sde_gpu,dpmpp_3m_sde,dpmpp_3m_sde_gpu,ddim,uni_pc,uni_pc_bh2",
          "link": 49,
          "widget": {
            "name": "sampler_name",
            "config": [
              [
                "euler",
                "euler_ancestral",
                "heun",
                "dpm_2",
                "dpm_2_ancestral",
                "lms",
                "dpm_fast",
                "dpm_adaptive",
                "dpmpp_2s_ancestral",
                "dpmpp_sde",
                "dpmpp_sde_gpu",
                "dpmpp_2m",
                "dpmpp_2m_sde",
                "dpmpp_2m_sde_gpu",
                "dpmpp_3m_sde",
                "dpmpp_3m_sde_gpu",
                "ddim",
                "uni_pc",
                "uni_pc_bh2"
              ]
            ]
          }
        },
        {
          "name": "scheduler",
          "type": "normal,karras,exponential,sgm_uniform,simple,ddim_uniform",
          "link": 53,
          "widget": {
            "name": "scheduler",
            "config": [
              [
                "normal",
                "karras",
                "exponential",
                "sgm_uniform",
                "simple",
                "ddim_uniform"
              ]
            ]
          }
        }
      ],
      "outputs": [
        {
          "name": "LATENT",
          "type": "LATENT",
          "links": [
            7
          ],
          "slot_index": 0
        }
      ],
      "properties": {
        "Node name for S&R": "KSampler"
      },
      "widgets_values": [
        1,
        "fixed",
        20,
        7,
        "dpmpp_2m",
        "karras",
        1
      ]
    },
    {
      "id": 14,
      "type": "SaveImage",
      "pos": [
        1640,
        90
      ],
      "size": {
        "0": 410,
        "1": 460
      },
      "flags": {},
      "order": 22,
      "mode": 0,
      "inputs": [
        {
          "name": "images",
          "type": "IMAGE",
          "link": 15
        }
      ],
      "properties": {},
      "widgets_values": [
        "Horror"
      ],
      "color": "#2a363b",
      "bgcolor": "#3f5159"
    },
    {
      "id": 18,
      "type": "SaveImage",
      "pos": [
        1210,
        600
      ],
      "size": {
        "0": 410,
        "1": 460
      },
      "flags": {},
      "order": 23,
      "mode": 0,
      "inputs": [
        {
          "name": "images",
          "type": "IMAGE",
          "link": 18
        }
      ],
      "properties": {},
      "widgets_values": [
        "Zombie"
      ],
      "color": "#2a363b",
      "bgcolor": "#3f5159"
    },
    {
      "id": 22,
      "type": "SaveImage",
      "pos": [
        1640,
        600
      ],
      "size": {
        "0": 410,
        "1": 460
      },
      "flags": {},
      "order": 24,
      "mode": 0,
      "inputs": [
        {
          "name": "images",
          "type": "IMAGE",
          "link": 21
        }
      ],
      "properties": {},
      "widgets_values": [
        "Frankenstein"
      ],
      "color": "#2a363b",
      "bgcolor": "#3f5159"
    },
    {
      "id": 6,
      "type": "CLIPTextEncode",
      "pos": [
        150,
        130
      ],
      "size": [
        230,
        76
      ],
      "flags": {},
      "order": 8,
      "mode": 0,
      "inputs": [
        {
          "name": "clip",
          "type": "CLIP",
          "link": 3
        }
      ],
      "outputs": [
        {
          "name": "CONDITIONING",
          "type": "CONDITIONING",
          "links": [
            4,
            38,
            39,
            40
          ],
          "slot_index": 0
        }
      ],
      "title": "CLIP Text Encode (Positive)",
      "properties": {
        "Node name for S&R": "CLIPTextEncode"
      },
      "widgets_values": [
        "anime chibi girl illustration fox ears blond hair blue eyes"
      ],
      "color": "#232",
      "bgcolor": "#353"
    },
    {
      "id": 30,
      "type": "CLIPTextEncode",
      "pos": [
        460,
        930
      ],
      "size": {
        "0": 230,
        "1": 76
      },
      "flags": {},
      "order": 12,
      "mode": 0,
      "inputs": [
        {
          "name": "clip",
          "type": "CLIP",
          "link": 65
        }
      ],
      "outputs": [
        {
          "name": "CONDITIONING",
          "type": "CONDITIONING",
          "links": [
            37
          ],
          "slot_index": 0
        }
      ],
      "title": "CLIP Text Encode (Negative)",
      "properties": {
        "Node name for S&R": "CLIPTextEncode"
      },
      "widgets_values": [
        "photography, blurry, low quality, sketch, Frankenstein"
      ],
      "color": "#322",
      "bgcolor": "#533"
    },
    {
      "id": 29,
      "type": "CLIPTextEncode",
      "pos": [
        460,
        670
      ],
      "size": {
        "0": 230,
        "1": 76
      },
      "flags": {},
      "order": 11,
      "mode": 0,
      "inputs": [
        {
          "name": "clip",
          "type": "CLIP",
          "link": 64
        }
      ],
      "outputs": [
        {
          "name": "CONDITIONING",
          "type": "CONDITIONING",
          "links": [
            36
          ],
          "slot_index": 0
        }
      ],
      "title": "CLIP Text Encode (Negative)",
      "properties": {
        "Node name for S&R": "CLIPTextEncode"
      },
      "widgets_values": [
        "photography, blurry, low quality, sketch, zombie"
      ],
      "color": "#322",
      "bgcolor": "#533"
    },
    {
      "id": 4,
      "type": "CheckpointLoaderSimple",
      "pos": [
        -260,
        570
      ],
      "size": {
        "0": 340,
        "1": 100
      },
      "flags": {},
      "order": 7,
      "mode": 0,
      "outputs": [
        {
          "name": "MODEL",
          "type": "MODEL",
          "links": [
            1,
            60,
            61,
            62
          ],
          "slot_index": 0
        },
        {
          "name": "CLIP",
          "type": "CLIP",
          "links": [
            3,
            5,
            63,
            64,
            65
          ],
          "slot_index": 1
        },
        {
          "name": "VAE",
          "type": "VAE",
          "links": [],
          "slot_index": 2
        }
      ],
      "properties": {
        "Node name for S&R": "CheckpointLoaderSimple"
      },
      "widgets_values": [
        "v1-5-pruned-emaonly.safetensors"
      ]
    },
    {
      "id": 9,
      "type": "SaveImage",
      "pos": [
        1210,
        90
      ],
      "size": {
        "0": 410,
        "1": 460
      },
      "flags": {},
      "order": 21,
      "mode": 0,
      "inputs": [
        {
          "name": "images",
          "type": "IMAGE",
          "link": 9
        }
      ],
      "properties": {},
      "widgets_values": [
        "Neutral"
      ],
      "color": "#2a363b",
      "bgcolor": "#3f5159"
    }
  ],
  "links": [
    [
      1,
      4,
      0,
      3,
      0,
      "MODEL"
    ],
    [
      2,
      5,
      0,
      3,
      3,
      "LATENT"
    ],
    [
      3,
      4,
      1,
      6,
      0,
      "CLIP"
    ],
    [
      4,
      6,
      0,
      3,
      1,
      "CONDITIONING"
    ],
    [
      5,
      4,
      1,
      7,
      0,
      "CLIP"
    ],
    [
      6,
      7,
      0,
      3,
      2,
      "CONDITIONING"
    ],
    [
      7,
      3,
      0,
      8,
      0,
      "LATENT"
    ],
    [
      9,
      8,
      0,
      9,
      0,
      "IMAGE"
    ],
    [
      12,
      11,
      0,
      8,
      1,
      "VAE"
    ],
    [
      15,
      13,
      0,
      14,
      0,
      "IMAGE"
    ],
    [
      18,
      17,
      0,
      18,
      0,
      "IMAGE"
    ],
    [
      21,
      21,
      0,
      22,
      0,
      "IMAGE"
    ],
    [
      25,
      11,
      0,
      13,
      1,
      "VAE"
    ],
    [
      26,
      11,
      0,
      17,
      1,
      "VAE"
    ],
    [
      27,
      11,
      0,
      21,
      1,
      "VAE"
    ],
    [
      28,
      5,
      0,
      25,
      3,
      "LATENT"
    ],
    [
      29,
      5,
      0,
      26,
      3,
      "LATENT"
    ],
    [
      30,
      5,
      0,
      27,
      3,
      "LATENT"
    ],
    [
      31,
      28,
      0,
      3,
      4,
      "INT"
    ],
    [
      32,
      28,
      0,
      25,
      4,
      "INT"
    ],
    [
      33,
      28,
      0,
      26,
      4,
      "INT"
    ],
    [
      34,
      28,
      0,
      27,
      4,
      "INT"
    ],
    [
      35,
      24,
      0,
      25,
      2,
      "CONDITIONING"
    ],
    [
      36,
      29,
      0,
      26,
      2,
      "CONDITIONING"
    ],
    [
      37,
      30,
      0,
      27,
      2,
      "CONDITIONING"
    ],
    [
      38,
      6,
      0,
      25,
      1,
      "CONDITIONING"
    ],
    [
      39,
      6,
      0,
      26,
      1,
      "CONDITIONING"
    ],
    [
      40,
      6,
      0,
      27,
      1,
      "CONDITIONING"
    ],
    [
      41,
      31,
      0,
      3,
      5,
      "INT"
    ],
    [
      42,
      31,
      0,
      25,
      5,
      "INT"
    ],
    [
      43,
      31,
      0,
      26,
      5,
      "INT"
    ],
    [
      44,
      31,
      0,
      27,
      5,
      "INT"
    ],
    [
      45,
      32,
      0,
      3,
      6,
      "FLOAT"
    ],
    [
      46,
      32,
      0,
      25,
      6,
      "FLOAT"
    ],
    [
      47,
      32,
      0,
      26,
      6,
      "FLOAT"
    ],
    [
      48,
      32,
      0,
      27,
      6,
      "FLOAT"
    ],
    [
      49,
      33,
      0,
      3,
      7,
      "euler,euler_ancestral,heun,dpm_2,dpm_2_ancestral,lms,dpm_fast,dpm_adaptive,dpmpp_2s_ancestral,dpmpp_sde,dpmpp_sde_gpu,dpmpp_2m,dpmpp_2m_sde,dpmpp_2m_sde_gpu,dpmpp_3m_sde,dpmpp_3m_sde_gpu,ddim,uni_pc,uni_pc_bh2"
    ],
    [
      50,
      33,
      0,
      25,
      7,
      "euler,euler_ancestral,heun,dpm_2,dpm_2_ancestral,lms,dpm_fast,dpm_adaptive,dpmpp_2s_ancestral,dpmpp_sde,dpmpp_sde_gpu,dpmpp_2m,dpmpp_2m_sde,dpmpp_2m_sde_gpu,dpmpp_3m_sde,dpmpp_3m_sde_gpu,ddim,uni_pc,uni_pc_bh2"
    ],
    [
      51,
      33,
      0,
      26,
      7,
      "euler,euler_ancestral,heun,dpm_2,dpm_2_ancestral,lms,dpm_fast,dpm_adaptive,dpmpp_2s_ancestral,dpmpp_sde,dpmpp_sde_gpu,dpmpp_2m,dpmpp_2m_sde,dpmpp_2m_sde_gpu,dpmpp_3m_sde,dpmpp_3m_sde_gpu,ddim,uni_pc,uni_pc_bh2"
    ],
    [
      52,
      33,
      0,
      27,
      7,
      "euler,euler_ancestral,heun,dpm_2,dpm_2_ancestral,lms,dpm_fast,dpm_adaptive,dpmpp_2s_ancestral,dpmpp_sde,dpmpp_sde_gpu,dpmpp_2m,dpmpp_2m_sde,dpmpp_2m_sde_gpu,dpmpp_3m_sde,dpmpp_3m_sde_gpu,ddim,uni_pc,uni_pc_bh2"
    ],
    [
      53,
      34,
      0,
      3,
      8,
      "normal,karras,exponential,sgm_uniform,simple,ddim_uniform"
    ],
    [
      54,
      34,
      0,
      25,
      8,
      "normal,karras,exponential,sgm_uniform,simple,ddim_uniform"
    ],
    [
      55,
      34,
      0,
      26,
      8,
      "normal,karras,exponential,sgm_uniform,simple,ddim_uniform"
    ],
    [
      56,
      34,
      0,
      27,
      8,
      "normal,karras,exponential,sgm_uniform,simple,ddim_uniform"
    ],
    [
      57,
      27,
      0,
      21,
      0,
      "LATENT"
    ],
    [
      58,
      26,
      0,
      17,
      0,
      "LATENT"
    ],
    [
      59,
      25,
      0,
      13,
      0,
      "LATENT"
    ],
    [
      60,
      4,
      0,
      25,
      0,
      "MODEL"
    ],
    [
      61,
      4,
      0,
      26,
      0,
      "MODEL"
    ],
    [
      62,
      4,
      0,
      27,
      0,
      "MODEL"
    ],
    [
      63,
      4,
      1,
      24,
      0,
      "CLIP"
    ],
    [
      64,
      4,
      1,
      29,
      0,
      "CLIP"
    ],
    [
      65,
      4,
      1,
      30,
      0,
      "CLIP"
    ]
  ],
  "groups": [],
  "config": {},
  "extra": {},
  "version": 0.4
}