{
  "last_node_id": 77,
  "last_link_id": 130,
  "nodes": [
    {
      "id": 7,
      "type": "CLIPTextEncode",
      "pos": [
        410,
        60
      ],
      "size": [
        230,
        120
      ],
      "flags": {},
      "order": 5,
      "mode": 0,
      "inputs": [
        {
          "name": "clip",
          "type": "CLIP",
          "link": 5
        }
      ],
      "outputs": [
        {
          "name": "CONDITIONING",
          "type": "CONDITIONING",
          "links": [
            106
          ],
          "slot_index": 0
        }
      ],
      "title": "CLIP Text Encode (Negative)",
      "properties": {
        "Node name for S&R": "CLIPTextEncode"
      },
      "widgets_values": [
        "illustration, painting, text, watermark, copyright, signature, notes"
      ],
      "color": "#322",
      "bgcolor": "#533"
    },
    {
      "id": 4,
      "type": "CheckpointLoaderSimple",
      "pos": [
        30,
        190
      ],
      "size": [
        300,
        100
      ],
      "flags": {},
      "order": 0,
      "mode": 0,
      "outputs": [
        {
          "name": "MODEL",
          "type": "MODEL",
          "links": [
            130
          ],
          "slot_index": 0
        },
        {
          "name": "CLIP",
          "type": "CLIP",
          "links": [
            3,
            5
          ],
          "slot_index": 1
        },
        {
          "name": "VAE",
          "type": "VAE",
          "links": [],
          "slot_index": 2
        }
      ],
      "properties": {
        "Node name for S&R": "CheckpointLoaderSimple"
      },
      "widgets_values": [
        "v1-5-pruned-emaonly.safetensors"
      ]
    },
    {
      "id": 70,
      "type": "VAELoader",
      "pos": [
        30,
        330
      ],
      "size": [
        300,
        60
      ],
      "flags": {},
      "order": 1,
      "mode": 0,
      "outputs": [
        {
          "name": "VAE",
          "type": "VAE",
          "links": [
            114
          ],
          "shape": 3,
          "slot_index": 0
        }
      ],
      "properties": {
        "Node name for S&R": "VAELoader"
      },
      "widgets_values": [
        "vae-ft-mse-840000-ema-pruned.safetensors"
      ]
    },
    {
      "id": 65,
      "type": "Reroute",
      "pos": [
        410,
        330
      ],
      "size": [
        75,
        26
      ],
      "flags": {},
      "order": 6,
      "mode": 0,
      "inputs": [
        {
          "name": "",
          "type": "*",
          "link": 114
        }
      ],
      "outputs": [
        {
          "name": "",
          "type": "VAE",
          "links": [
            101,
            115,
            116
          ],
          "slot_index": 0
        }
      ],
      "properties": {
        "showOutputText": false,
        "horizontal": false
      },
      "color": "#322",
      "bgcolor": "#533"
    },
    {
      "id": 25,
      "type": "CheckpointLoaderSimple",
      "pos": [
        1400,
        -200
      ],
      "size": {
        "0": 270,
        "1": 100
      },
      "flags": {},
      "order": 2,
      "mode": 0,
      "outputs": [
        {
          "name": "MODEL",
          "type": "MODEL",
          "links": [
            25
          ],
          "slot_index": 0
        },
        {
          "name": "CLIP",
          "type": "CLIP",
          "links": [],
          "slot_index": 1
        },
        {
          "name": "VAE",
          "type": "VAE",
          "links": [],
          "slot_index": 2
        }
      ],
      "properties": {
        "Node name for S&R": "CheckpointLoaderSimple"
      },
      "widgets_values": [
        "sd-v1-5-inpainting.ckpt"
      ]
    },
    {
      "id": 66,
      "type": "Reroute",
      "pos": [
        700,
        -90
      ],
      "size": [
        75,
        26
      ],
      "flags": {},
      "order": 7,
      "mode": 0,
      "inputs": [
        {
          "name": "",
          "type": "*",
          "link": 103
        }
      ],
      "outputs": [
        {
          "name": "",
          "type": "CONDITIONING",
          "links": [
            111,
            121
          ],
          "slot_index": 0
        }
      ],
      "properties": {
        "showOutputText": false,
        "horizontal": false
      },
      "color": "#432",
      "bgcolor": "#653"
    },
    {
      "id": 67,
      "type": "Reroute",
      "pos": [
        700,
        60
      ],
      "size": [
        75,
        26
      ],
      "flags": {},
      "order": 8,
      "mode": 0,
      "inputs": [
        {
          "name": "",
          "type": "*",
          "link": 106
        }
      ],
      "outputs": [
        {
          "name": "",
          "type": "CONDITIONING",
          "links": [
            112,
            122
          ],
          "slot_index": 0
        }
      ],
      "properties": {
        "showOutputText": false,
        "horizontal": false
      },
      "color": "#432",
      "bgcolor": "#653"
    },
    {
      "id": 3,
      "type": "KSampler",
      "pos": [
        940,
        -50
      ],
      "size": [
        260,
        260
      ],
      "flags": {},
      "order": 9,
      "mode": 0,
      "inputs": [
        {
          "name": "model",
          "type": "MODEL",
          "link": 130
        },
        {
          "name": "positive",
          "type": "CONDITIONING",
          "link": 111
        },
        {
          "name": "negative",
          "type": "CONDITIONING",
          "link": 112
        },
        {
          "name": "latent_image",
          "type": "LATENT",
          "link": 2
        }
      ],
      "outputs": [
        {
          "name": "LATENT",
          "type": "LATENT",
          "links": [
            7
          ],
          "slot_index": 0
        }
      ],
      "properties": {
        "Node name for S&R": "KSampler"
      },
      "widgets_values": [
        1,
        "fixed",
        20,
        7,
        "dpmpp_2m_sde",
        "exponential",
        1
      ]
    },
    {
      "id": 8,
      "type": "VAEDecode",
      "pos": [
        1250,
        -50
      ],
      "size": {
        "0": 140,
        "1": 60
      },
      "flags": {},
      "order": 10,
      "mode": 0,
      "inputs": [
        {
          "name": "samples",
          "type": "LATENT",
          "link": 7
        },
        {
          "name": "vae",
          "type": "VAE",
          "link": 101
        }
      ],
      "outputs": [
        {
          "name": "IMAGE",
          "type": "IMAGE",
          "links": [
            12,
            13
          ],
          "slot_index": 0
        }
      ],
      "properties": {
        "Node name for S&R": "VAEDecode"
      }
    },
    {
      "id": 11,
      "type": "ImagePadForOutpaint",
      "pos": [
        1460,
        -50
      ],
      "size": [
        210,
        170
      ],
      "flags": {},
      "order": 11,
      "mode": 0,
      "inputs": [
        {
          "name": "image",
          "type": "IMAGE",
          "link": 12
        }
      ],
      "outputs": [
        {
          "name": "IMAGE",
          "type": "IMAGE",
          "links": [
            15
          ],
          "shape": 3,
          "slot_index": 0
        },
        {
          "name": "MASK",
          "type": "MASK",
          "links": [
            16
          ],
          "shape": 3,
          "slot_index": 1
        }
      ],
      "properties": {
        "Node name for S&R": "ImagePadForOutpaint"
      },
      "widgets_values": [
        0,
        0,
        256,
        0,
        0
      ]
    },
    {
      "id": 12,
      "type": "VAEEncodeForInpaint",
      "pos": [
        1720,
        -50
      ],
      "size": [
        230,
        100
      ],
      "flags": {},
      "order": 13,
      "mode": 0,
      "inputs": [
        {
          "name": "pixels",
          "type": "IMAGE",
          "link": 15
        },
        {
          "name": "vae",
          "type": "VAE",
          "link": 115
        },
        {
          "name": "mask",
          "type": "MASK",
          "link": 16
        }
      ],
      "outputs": [
        {
          "name": "LATENT",
          "type": "LATENT",
          "links": [
            18
          ],
          "shape": 3,
          "slot_index": 0
        }
      ],
      "properties": {
        "Node name for S&R": "VAEEncodeForInpaint"
      },
      "widgets_values": [
        16
      ]
    },
    {
      "id": 6,
      "type": "CLIPTextEncode",
      "pos": [
        410,
        -90
      ],
      "size": [
        230,
        110
      ],
      "flags": {},
      "order": 4,
      "mode": 0,
      "inputs": [
        {
          "name": "clip",
          "type": "CLIP",
          "link": 3
        }
      ],
      "outputs": [
        {
          "name": "CONDITIONING",
          "type": "CONDITIONING",
          "links": [
            103
          ],
          "slot_index": 0
        }
      ],
      "title": "CLIP Text Encode (Positive)",
      "properties": {
        "Node name for S&R": "CLIPTextEncode"
      },
      "widgets_values": [
        "a fantastic colorful alien landscape with mountains and valleys with galaxy in the sky"
      ],
      "color": "#232",
      "bgcolor": "#353"
    },
    {
      "id": 5,
      "type": "EmptyLatentImage",
      "pos": [
        680,
        160
      ],
      "size": [
        210,
        110
      ],
      "flags": {},
      "order": 3,
      "mode": 0,
      "outputs": [
        {
          "name": "LATENT",
          "type": "LATENT",
          "links": [
            2
          ],
          "slot_index": 0
        }
      ],
      "properties": {
        "Node name for S&R": "EmptyLatentImage"
      },
      "widgets_values": [
        512,
        512,
        1
      ]
    },
    {
      "id": 23,
      "type": "VAEDecode",
      "pos": [
        2230,
        -90
      ],
      "size": [
        140,
        50
      ],
      "flags": {},
      "order": 15,
      "mode": 0,
      "inputs": [
        {
          "name": "samples",
          "type": "LATENT",
          "link": 22
        },
        {
          "name": "vae",
          "type": "VAE",
          "link": 116
        }
      ],
      "outputs": [
        {
          "name": "IMAGE",
          "type": "IMAGE",
          "links": [
            24
          ],
          "slot_index": 0
        }
      ],
      "properties": {
        "Node name for S&R": "VAEDecode"
      }
    },
    {
      "id": 21,
      "type": "KSampler",
      "pos": [
        1980,
        20
      ],
      "size": [
        210,
        260
      ],
      "flags": {},
      "order": 14,
      "mode": 0,
      "inputs": [
        {
          "name": "model",
          "type": "MODEL",
          "link": 25
        },
        {
          "name": "positive",
          "type": "CONDITIONING",
          "link": 121
        },
        {
          "name": "negative",
          "type": "CONDITIONING",
          "link": 122
        },
        {
          "name": "latent_image",
          "type": "LATENT",
          "link": 18
        }
      ],
      "outputs": [
        {
          "name": "LATENT",
          "type": "LATENT",
          "links": [
            22
          ],
          "slot_index": 0
        }
      ],
      "properties": {
        "Node name for S&R": "KSampler"
      },
      "widgets_values": [
        10006,
        "fixed",
        20,
        7,
        "dpmpp_2m",
        "karras",
        1
      ]
    },
    {
      "id": 22,
      "type": "PreviewImage",
      "pos": [
        2220,
        0
      ],
      "size": [
        460,
        330
      ],
      "flags": {},
      "order": 16,
      "mode": 0,
      "inputs": [
        {
          "name": "images",
          "type": "IMAGE",
          "link": 24
        }
      ],
      "properties": {
        "Node name for S&R": "PreviewImage"
      }
    },
    {
      "id": 15,
      "type": "PreviewImage",
      "pos": [
        1250,
        170
      ],
      "size": {
        "0": 320,
        "1": 340
      },
      "flags": {},
      "order": 12,
      "mode": 0,
      "inputs": [
        {
          "name": "images",
          "type": "IMAGE",
          "link": 13
        }
      ],
      "properties": {
        "Node name for S&R": "PreviewImage"
      }
    }
  ],
  "links": [
    [
      2,
      5,
      0,
      3,
      3,
      "LATENT"
    ],
    [
      3,
      4,
      1,
      6,
      0,
      "CLIP"
    ],
    [
      5,
      4,
      1,
      7,
      0,
      "CLIP"
    ],
    [
      7,
      3,
      0,
      8,
      0,
      "LATENT"
    ],
    [
      12,
      8,
      0,
      11,
      0,
      "IMAGE"
    ],
    [
      13,
      8,
      0,
      15,
      0,
      "IMAGE"
    ],
    [
      15,
      11,
      0,
      12,
      0,
      "IMAGE"
    ],
    [
      16,
      11,
      1,
      12,
      2,
      "MASK"
    ],
    [
      18,
      12,
      0,
      21,
      3,
      "LATENT"
    ],
    [
      22,
      21,
      0,
      23,
      0,
      "LATENT"
    ],
    [
      24,
      23,
      0,
      22,
      0,
      "IMAGE"
    ],
    [
      25,
      25,
      0,
      21,
      0,
      "MODEL"
    ],
    [
      101,
      65,
      0,
      8,
      1,
      "VAE"
    ],
    [
      103,
      6,
      0,
      66,
      0,
      "*"
    ],
    [
      106,
      7,
      0,
      67,
      0,
      "*"
    ],
    [
      111,
      66,
      0,
      3,
      1,
      "CONDITIONING"
    ],
    [
      112,
      67,
      0,
      3,
      2,
      "CONDITIONING"
    ],
    [
      114,
      70,
      0,
      65,
      0,
      "*"
    ],
    [
      115,
      65,
      0,
      12,
      1,
      "VAE"
    ],
    [
      116,
      65,
      0,
      23,
      1,
      "VAE"
    ],
    [
      121,
      66,
      0,
      21,
      1,
      "CONDITIONING"
    ],
    [
      122,
      67,
      0,
      21,
      2,
      "CONDITIONING"
    ],
    [
      130,
      4,
      0,
      3,
      0,
      "MODEL"
    ]
  ],
  "groups": [],
  "config": {},
  "extra": {},
  "version": 0.4
}