{
  "last_node_id": 44,
  "last_link_id": 95,
  "nodes": [
    {
      "id": 16,
      "type": "Reroute",
      "pos": [
        810,
        590
      ],
      "size": [
        75,
        26
      ],
      "flags": {},
      "order": 7,
      "mode": 0,
      "inputs": [
        {
          "name": "",
          "type": "*",
          "link": 22
        }
      ],
      "outputs": [
        {
          "name": "",
          "type": "CONDITIONING",
          "links": [
            25,
            27,
            59,
            60,
            61
          ],
          "slot_index": 0
        }
      ],
      "properties": {
        "showOutputText": false,
        "horizontal": false
      },
      "color": "#432",
      "bgcolor": "#653"
    },
    {
      "id": 17,
      "type": "Reroute",
      "pos": [
        810,
        630
      ],
      "size": [
        75,
        26
      ],
      "flags": {},
      "order": 8,
      "mode": 0,
      "inputs": [
        {
          "name": "",
          "type": "*",
          "link": 23
        }
      ],
      "outputs": [
        {
          "name": "",
          "type": "CONDITIONING",
          "links": [
            26,
            28,
            62,
            63,
            64
          ],
          "slot_index": 0
        }
      ],
      "properties": {
        "showOutputText": false,
        "horizontal": false
      },
      "color": "#432",
      "bgcolor": "#653"
    },
    {
      "id": 4,
      "type": "CheckpointLoaderSimple",
      "pos": [
        0,
        380
      ],
      "size": {
        "0": 340,
        "1": 100
      },
      "flags": {},
      "order": 0,
      "mode": 0,
      "outputs": [
        {
          "name": "MODEL",
          "type": "MODEL",
          "links": [
            24
          ],
          "slot_index": 0
        },
        {
          "name": "CLIP",
          "type": "CLIP",
          "links": [
            3,
            5
          ],
          "slot_index": 1
        },
        {
          "name": "VAE",
          "type": "VAE",
          "links": [],
          "slot_index": 2
        }
      ],
      "properties": {
        "Node name for S&R": "CheckpointLoaderSimple"
      },
      "widgets_values": [
        "v1-5-pruned-emaonly.safetensors"
      ]
    },
    {
      "id": 13,
      "type": "PreviewImage",
      "pos": [
        1580,
        -10
      ],
      "size": {
        "0": 230,
        "1": 260
      },
      "flags": {},
      "order": 12,
      "mode": 0,
      "inputs": [
        {
          "name": "images",
          "type": "IMAGE",
          "link": 77
        }
      ],
      "properties": {
        "Node name for S&R": "PreviewImage"
      }
    },
    {
      "id": 7,
      "type": "CLIPTextEncode",
      "pos": [
        400,
        460
      ],
      "size": {
        "0": 340,
        "1": 160
      },
      "flags": {},
      "order": 5,
      "mode": 0,
      "inputs": [
        {
          "name": "clip",
          "type": "CLIP",
          "link": 5
        }
      ],
      "outputs": [
        {
          "name": "CONDITIONING",
          "type": "CONDITIONING",
          "links": [
            23
          ],
          "slot_index": 0
        }
      ],
      "title": "CLIP Text Encode (Negative)",
      "properties": {
        "Node name for S&R": "CLIPTextEncode"
      },
      "widgets_values": [
        "blurry, illustration, horror"
      ],
      "color": "#322",
      "bgcolor": "#533"
    },
    {
      "id": 6,
      "type": "CLIPTextEncode",
      "pos": [
        400,
        250
      ],
      "size": {
        "0": 340,
        "1": 160
      },
      "flags": {},
      "order": 4,
      "mode": 0,
      "inputs": [
        {
          "name": "clip",
          "type": "CLIP",
          "link": 3
        }
      ],
      "outputs": [
        {
          "name": "CONDITIONING",
          "type": "CONDITIONING",
          "links": [
            22
          ],
          "slot_index": 0
        }
      ],
      "title": "CLIP Text Encode (Positive)",
      "properties": {
        "Node name for S&R": "CLIPTextEncode"
      },
      "widgets_values": [
        "the galaxy inside a crystal ball on the beach\n\nprofessional photo, cinematic, 4k, highly detailed "
      ],
      "color": "#232",
      "bgcolor": "#353"
    },
    {
      "id": 33,
      "type": "KSampler",
      "pos": [
        1090,
        640
      ],
      "size": {
        "0": 270,
        "1": 262
      },
      "flags": {},
      "order": 14,
      "mode": 0,
      "inputs": [
        {
          "name": "model",
          "type": "MODEL",
          "link": 87
        },
        {
          "name": "positive",
          "type": "CONDITIONING",
          "link": 59
        },
        {
          "name": "negative",
          "type": "CONDITIONING",
          "link": 62
        },
        {
          "name": "latent_image",
          "type": "LATENT",
          "link": 73
        }
      ],
      "outputs": [
        {
          "name": "LATENT",
          "type": "LATENT",
          "links": [
            51
          ],
          "slot_index": 0
        }
      ],
      "properties": {
        "Node name for S&R": "KSampler"
      },
      "widgets_values": [
        109163472674802,
        "fixed",
        15,
        7,
        "dpmpp_2m",
        "karras",
        0.5
      ]
    },
    {
      "id": 36,
      "type": "KSampler",
      "pos": [
        1090,
        940
      ],
      "size": {
        "0": 270,
        "1": 262
      },
      "flags": {},
      "order": 15,
      "mode": 0,
      "inputs": [
        {
          "name": "model",
          "type": "MODEL",
          "link": 88
        },
        {
          "name": "positive",
          "type": "CONDITIONING",
          "link": 60
        },
        {
          "name": "negative",
          "type": "CONDITIONING",
          "link": 63
        },
        {
          "name": "latent_image",
          "type": "LATENT",
          "link": 74
        }
      ],
      "outputs": [
        {
          "name": "LATENT",
          "type": "LATENT",
          "links": [
            53
          ],
          "slot_index": 0
        }
      ],
      "properties": {
        "Node name for S&R": "KSampler"
      },
      "widgets_values": [
        109163472674802,
        "fixed",
        15,
        7,
        "dpmpp_2m",
        "karras",
        0.75
      ]
    },
    {
      "id": 39,
      "type": "KSampler",
      "pos": [
        1090,
        1240
      ],
      "size": {
        "0": 270,
        "1": 262
      },
      "flags": {},
      "order": 16,
      "mode": 0,
      "inputs": [
        {
          "name": "model",
          "type": "MODEL",
          "link": 89
        },
        {
          "name": "positive",
          "type": "CONDITIONING",
          "link": 61
        },
        {
          "name": "negative",
          "type": "CONDITIONING",
          "link": 64
        },
        {
          "name": "latent_image",
          "type": "LATENT",
          "link": 75
        }
      ],
      "outputs": [
        {
          "name": "LATENT",
          "type": "LATENT",
          "links": [
            55
          ],
          "slot_index": 0
        }
      ],
      "properties": {
        "Node name for S&R": "KSampler"
      },
      "widgets_values": [
        109163472674802,
        "fixed",
        15,
        7,
        "dpmpp_2m",
        "karras",
        1
      ]
    },
    {
      "id": 38,
      "type": "SaveImage",
      "pos": [
        2030,
        940
      ],
      "size": {
        "0": 450,
        "1": 490
      },
      "flags": {},
      "order": 24,
      "mode": 0,
      "inputs": [
        {
          "name": "images",
          "type": "IMAGE",
          "link": 54
        }
      ],
      "properties": {},
      "widgets_values": [
        "Result"
      ]
    },
    {
      "id": 32,
      "type": "SaveImage",
      "pos": [
        2030,
        410
      ],
      "size": {
        "0": 450,
        "1": 490
      },
      "flags": {},
      "order": 22,
      "mode": 0,
      "inputs": [
        {
          "name": "images",
          "type": "IMAGE",
          "link": 50
        }
      ],
      "properties": {},
      "widgets_values": [
        "Result"
      ]
    },
    {
      "id": 35,
      "type": "SaveImage",
      "pos": [
        1570,
        940
      ],
      "size": {
        "0": 450,
        "1": 490
      },
      "flags": {},
      "order": 23,
      "mode": 0,
      "inputs": [
        {
          "name": "images",
          "type": "IMAGE",
          "link": 52
        }
      ],
      "properties": {},
      "widgets_values": [
        "Result"
      ]
    },
    {
      "id": 14,
      "type": "KSampler",
      "pos": [
        1090,
        340
      ],
      "size": {
        "0": 270,
        "1": 262
      },
      "flags": {},
      "order": 13,
      "mode": 0,
      "inputs": [
        {
          "name": "model",
          "type": "MODEL",
          "link": 30
        },
        {
          "name": "positive",
          "type": "CONDITIONING",
          "link": 27
        },
        {
          "name": "negative",
          "type": "CONDITIONING",
          "link": 28
        },
        {
          "name": "latent_image",
          "type": "LATENT",
          "link": 72
        }
      ],
      "outputs": [
        {
          "name": "LATENT",
          "type": "LATENT",
          "links": [
            36
          ],
          "slot_index": 0
        }
      ],
      "properties": {
        "Node name for S&R": "KSampler"
      },
      "widgets_values": [
        109163472674802,
        "fixed",
        15,
        7,
        "dpmpp_2m",
        "karras",
        0.25
      ]
    },
    {
      "id": 5,
      "type": "EmptyLatentImage",
      "pos": [
        520,
        100
      ],
      "size": {
        "0": 220,
        "1": 106
      },
      "flags": {},
      "order": 1,
      "mode": 0,
      "outputs": [
        {
          "name": "LATENT",
          "type": "LATENT",
          "links": [
            2
          ],
          "slot_index": 0
        }
      ],
      "properties": {
        "Node name for S&R": "EmptyLatentImage"
      },
      "widgets_values": [
        512,
        512,
        1
      ]
    },
    {
      "id": 41,
      "type": "LatentUpscaleBy",
      "pos": [
        530,
        780
      ],
      "size": [
        210,
        80
      ],
      "flags": {},
      "order": 11,
      "mode": 0,
      "inputs": [
        {
          "name": "samples",
          "type": "LATENT",
          "link": 86
        }
      ],
      "outputs": [
        {
          "name": "LATENT",
          "type": "LATENT",
          "links": [
            72,
            73,
            74,
            75
          ],
          "shape": 3,
          "slot_index": 0
        }
      ],
      "properties": {
        "Node name for S&R": "LatentUpscaleBy"
      },
      "widgets_values": [
        "nearest-exact",
        1.5
      ]
    },
    {
      "id": 28,
      "type": "VAELoader",
      "pos": [
        400,
        670
      ],
      "size": [
        340,
        60
      ],
      "flags": {},
      "order": 2,
      "mode": 0,
      "outputs": [
        {
          "name": "VAE",
          "type": "VAE",
          "links": [
            90
          ],
          "shape": 3,
          "slot_index": 0
        }
      ],
      "properties": {
        "Node name for S&R": "VAELoader"
      },
      "widgets_values": [
        "vae-ft-mse-840000-ema-pruned.safetensors"
      ]
    },
    {
      "id": 44,
      "type": "Reroute",
      "pos": [
        810,
        670
      ],
      "size": [
        75,
        26
      ],
      "flags": {},
      "order": 6,
      "mode": 0,
      "inputs": [
        {
          "name": "",
          "type": "*",
          "link": 90
        }
      ],
      "outputs": [
        {
          "name": "",
          "type": "VAE",
          "links": [
            91,
            92,
            93,
            94,
            95
          ],
          "slot_index": 0
        }
      ],
      "properties": {
        "showOutputText": false,
        "horizontal": false
      }
    },
    {
      "id": 18,
      "type": "Reroute",
      "pos": [
        810,
        550
      ],
      "size": [
        75,
        26
      ],
      "flags": {},
      "order": 3,
      "mode": 0,
      "inputs": [
        {
          "name": "",
          "type": "*",
          "link": 24,
          "slot_index": 0
        }
      ],
      "outputs": [
        {
          "name": "",
          "type": "MODEL",
          "links": [
            29,
            30,
            87,
            88,
            89
          ],
          "slot_index": 0
        }
      ],
      "properties": {
        "showOutputText": false,
        "horizontal": false
      },
      "color": "#223",
      "bgcolor": "#335"
    },
    {
      "id": 42,
      "type": "VAEDecode",
      "pos": [
        1390,
        190
      ],
      "size": {
        "0": 140,
        "1": 60
      },
      "flags": {},
      "order": 10,
      "mode": 0,
      "inputs": [
        {
          "name": "samples",
          "type": "LATENT",
          "link": 76
        },
        {
          "name": "vae",
          "type": "VAE",
          "link": 91
        }
      ],
      "outputs": [
        {
          "name": "IMAGE",
          "type": "IMAGE",
          "links": [
            77
          ],
          "slot_index": 0
        }
      ],
      "properties": {
        "Node name for S&R": "VAEDecode"
      }
    },
    {
      "id": 34,
      "type": "VAEDecode",
      "pos": [
        1390,
        840
      ],
      "size": {
        "0": 140,
        "1": 60
      },
      "flags": {},
      "order": 18,
      "mode": 0,
      "inputs": [
        {
          "name": "samples",
          "type": "LATENT",
          "link": 51
        },
        {
          "name": "vae",
          "type": "VAE",
          "link": 93
        }
      ],
      "outputs": [
        {
          "name": "IMAGE",
          "type": "IMAGE",
          "links": [
            50
          ],
          "slot_index": 0
        }
      ],
      "properties": {
        "Node name for S&R": "VAEDecode"
      }
    },
    {
      "id": 37,
      "type": "VAEDecode",
      "pos": [
        1390,
        940
      ],
      "size": {
        "0": 140,
        "1": 60
      },
      "flags": {},
      "order": 19,
      "mode": 0,
      "inputs": [
        {
          "name": "samples",
          "type": "LATENT",
          "link": 53
        },
        {
          "name": "vae",
          "type": "VAE",
          "link": 94
        }
      ],
      "outputs": [
        {
          "name": "IMAGE",
          "type": "IMAGE",
          "links": [
            52
          ],
          "slot_index": 0
        }
      ],
      "properties": {
        "Node name for S&R": "VAEDecode"
      }
    },
    {
      "id": 22,
      "type": "VAEDecode",
      "pos": [
        1390,
        540
      ],
      "size": {
        "0": 140,
        "1": 60
      },
      "flags": {
        "collapsed": false
      },
      "order": 17,
      "mode": 0,
      "inputs": [
        {
          "name": "samples",
          "type": "LATENT",
          "link": 36
        },
        {
          "name": "vae",
          "type": "VAE",
          "link": 92
        }
      ],
      "outputs": [
        {
          "name": "IMAGE",
          "type": "IMAGE",
          "links": [
            38
          ],
          "slot_index": 0
        }
      ],
      "properties": {
        "Node name for S&R": "VAEDecode"
      }
    },
    {
      "id": 40,
      "type": "VAEDecode",
      "pos": [
        1390,
        1240
      ],
      "size": {
        "0": 140,
        "1": 60
      },
      "flags": {},
      "order": 20,
      "mode": 0,
      "inputs": [
        {
          "name": "samples",
          "type": "LATENT",
          "link": 55
        },
        {
          "name": "vae",
          "type": "VAE",
          "link": 95
        }
      ],
      "outputs": [
        {
          "name": "IMAGE",
          "type": "IMAGE",
          "links": [
            54
          ],
          "slot_index": 0
        }
      ],
      "properties": {
        "Node name for S&R": "VAEDecode"
      }
    },
    {
      "id": 9,
      "type": "SaveImage",
      "pos": [
        1570,
        410
      ],
      "size": {
        "0": 450,
        "1": 490
      },
      "flags": {},
      "order": 21,
      "mode": 0,
      "inputs": [
        {
          "name": "images",
          "type": "IMAGE",
          "link": 38
        }
      ],
      "properties": {},
      "widgets_values": [
        "Result"
      ]
    },
    {
      "id": 3,
      "type": "KSampler",
      "pos": [
        1090,
        -10
      ],
      "size": {
        "0": 270,
        "1": 262
      },
      "flags": {},
      "order": 9,
      "mode": 0,
      "inputs": [
        {
          "name": "model",
          "type": "MODEL",
          "link": 29
        },
        {
          "name": "positive",
          "type": "CONDITIONING",
          "link": 25
        },
        {
          "name": "negative",
          "type": "CONDITIONING",
          "link": 26
        },
        {
          "name": "latent_image",
          "type": "LATENT",
          "link": 2
        }
      ],
      "outputs": [
        {
          "name": "LATENT",
          "type": "LATENT",
          "links": [
            76,
            86
          ],
          "slot_index": 0
        }
      ],
      "properties": {
        "Node name for S&R": "KSampler"
      },
      "widgets_values": [
        2004,
        "fixed",
        20,
        7,
        "dpmpp_2m",
        "karras",
        1
      ]
    }
  ],
  "links": [
    [
      2,
      5,
      0,
      3,
      3,
      "LATENT"
    ],
    [
      3,
      4,
      1,
      6,
      0,
      "CLIP"
    ],
    [
      5,
      4,
      1,
      7,
      0,
      "CLIP"
    ],
    [
      22,
      6,
      0,
      16,
      0,
      "*"
    ],
    [
      23,
      7,
      0,
      17,
      0,
      "*"
    ],
    [
      24,
      4,
      0,
      18,
      0,
      "*"
    ],
    [
      25,
      16,
      0,
      3,
      1,
      "CONDITIONING"
    ],
    [
      26,
      17,
      0,
      3,
      2,
      "CONDITIONING"
    ],
    [
      27,
      16,
      0,
      14,
      1,
      "CONDITIONING"
    ],
    [
      28,
      17,
      0,
      14,
      2,
      "CONDITIONING"
    ],
    [
      29,
      18,
      0,
      3,
      0,
      "MODEL"
    ],
    [
      30,
      18,
      0,
      14,
      0,
      "MODEL"
    ],
    [
      36,
      14,
      0,
      22,
      0,
      "LATENT"
    ],
    [
      38,
      22,
      0,
      9,
      0,
      "IMAGE"
    ],
    [
      50,
      34,
      0,
      32,
      0,
      "IMAGE"
    ],
    [
      51,
      33,
      0,
      34,
      0,
      "LATENT"
    ],
    [
      52,
      37,
      0,
      35,
      0,
      "IMAGE"
    ],
    [
      53,
      36,
      0,
      37,
      0,
      "LATENT"
    ],
    [
      54,
      40,
      0,
      38,
      0,
      "IMAGE"
    ],
    [
      55,
      39,
      0,
      40,
      0,
      "LATENT"
    ],
    [
      59,
      16,
      0,
      33,
      1,
      "CONDITIONING"
    ],
    [
      60,
      16,
      0,
      36,
      1,
      "CONDITIONING"
    ],
    [
      61,
      16,
      0,
      39,
      1,
      "CONDITIONING"
    ],
    [
      62,
      17,
      0,
      33,
      2,
      "CONDITIONING"
    ],
    [
      63,
      17,
      0,
      36,
      2,
      "CONDITIONING"
    ],
    [
      64,
      17,
      0,
      39,
      2,
      "CONDITIONING"
    ],
    [
      72,
      41,
      0,
      14,
      3,
      "LATENT"
    ],
    [
      73,
      41,
      0,
      33,
      3,
      "LATENT"
    ],
    [
      74,
      41,
      0,
      36,
      3,
      "LATENT"
    ],
    [
      75,
      41,
      0,
      39,
      3,
      "LATENT"
    ],
    [
      76,
      3,
      0,
      42,
      0,
      "LATENT"
    ],
    [
      77,
      42,
      0,
      13,
      0,
      "IMAGE"
    ],
    [
      86,
      3,
      0,
      41,
      0,
      "LATENT"
    ],
    [
      87,
      18,
      0,
      33,
      0,
      "MODEL"
    ],
    [
      88,
      18,
      0,
      36,
      0,
      "MODEL"
    ],
    [
      89,
      18,
      0,
      39,
      0,
      "MODEL"
    ],
    [
      90,
      28,
      0,
      44,
      0,
      "*"
    ],
    [
      91,
      44,
      0,
      42,
      1,
      "VAE"
    ],
    [
      92,
      44,
      0,
      22,
      1,
      "VAE"
    ],
    [
      93,
      44,
      0,
      34,
      1,
      "VAE"
    ],
    [
      94,
      44,
      0,
      37,
      1,
      "VAE"
    ],
    [
      95,
      44,
      0,
      40,
      1,
      "VAE"
    ]
  ],
  "groups": [],
  "config": {},
  "extra": {},
  "version": 0.4
}