{
  "last_node_id": 40,
  "last_link_id": 70,
  "nodes": [
    {
      "id": 7,
      "type": "CLIPTextEncode",
      "pos": [
        370,
        740
      ],
      "size": {
        "0": 340,
        "1": 160
      },
      "flags": {},
      "order": 7,
      "mode": 0,
      "inputs": [
        {
          "name": "clip",
          "type": "CLIP",
          "link": 5
        }
      ],
      "outputs": [
        {
          "name": "CONDITIONING",
          "type": "CONDITIONING",
          "links": [
            23
          ],
          "slot_index": 0
        }
      ],
      "title": "CLIP Text Encode (Negative)",
      "properties": {
        "Node name for S&R": "CLIPTextEncode"
      },
      "widgets_values": [
        "blurry, illustration, horror, monochrome, distorted, mutilated, wrong hands"
      ],
      "color": "#322",
      "bgcolor": "#533"
    },
    {
      "id": 8,
      "type": "VAEDecode",
      "pos": [
        1460,
        260
      ],
      "size": {
        "0": 140,
        "1": 60
      },
      "flags": {},
      "order": 11,
      "mode": 0,
      "inputs": [
        {
          "name": "samples",
          "type": "LATENT",
          "link": 7
        },
        {
          "name": "vae",
          "type": "VAE",
          "link": 32
        }
      ],
      "outputs": [
        {
          "name": "IMAGE",
          "type": "IMAGE",
          "links": [
            13,
            15
          ],
          "slot_index": 0
        }
      ],
      "properties": {
        "Node name for S&R": "VAEDecode"
      }
    },
    {
      "id": 14,
      "type": "KSampler",
      "pos": [
        1170,
        590
      ],
      "size": {
        "0": 270,
        "1": 262
      },
      "flags": {},
      "order": 16,
      "mode": 0,
      "inputs": [
        {
          "name": "model",
          "type": "MODEL",
          "link": 30
        },
        {
          "name": "positive",
          "type": "CONDITIONING",
          "link": 27
        },
        {
          "name": "negative",
          "type": "CONDITIONING",
          "link": 28
        },
        {
          "name": "latent_image",
          "type": "LATENT",
          "link": 46
        }
      ],
      "outputs": [
        {
          "name": "LATENT",
          "type": "LATENT",
          "links": [
            36
          ],
          "slot_index": 0
        }
      ],
      "properties": {
        "Node name for S&R": "KSampler"
      },
      "widgets_values": [
        109163472674802,
        "fixed",
        15,
        7,
        "dpmpp_2m",
        "karras",
        0.25
      ]
    },
    {
      "id": 16,
      "type": "Reroute",
      "pos": [
        790,
        700
      ],
      "size": [
        75,
        26
      ],
      "flags": {},
      "order": 8,
      "mode": 0,
      "inputs": [
        {
          "name": "",
          "type": "*",
          "link": 22
        }
      ],
      "outputs": [
        {
          "name": "",
          "type": "CONDITIONING",
          "links": [
            25,
            27,
            59,
            60,
            61
          ],
          "slot_index": 0
        }
      ],
      "properties": {
        "showOutputText": false,
        "horizontal": false
      },
      "color": "#432",
      "bgcolor": "#653"
    },
    {
      "id": 17,
      "type": "Reroute",
      "pos": [
        790,
        740
      ],
      "size": [
        75,
        26
      ],
      "flags": {},
      "order": 9,
      "mode": 0,
      "inputs": [
        {
          "name": "",
          "type": "*",
          "link": 23
        }
      ],
      "outputs": [
        {
          "name": "",
          "type": "CONDITIONING",
          "links": [
            26,
            28,
            62,
            63,
            64
          ],
          "slot_index": 0
        }
      ],
      "properties": {
        "showOutputText": false,
        "horizontal": false
      },
      "color": "#432",
      "bgcolor": "#653"
    },
    {
      "id": 4,
      "type": "CheckpointLoaderSimple",
      "pos": [
        -30,
        660
      ],
      "size": {
        "0": 340,
        "1": 100
      },
      "flags": {},
      "order": 2,
      "mode": 0,
      "outputs": [
        {
          "name": "MODEL",
          "type": "MODEL",
          "links": [
            24,
            65,
            66,
            67
          ],
          "slot_index": 0
        },
        {
          "name": "CLIP",
          "type": "CLIP",
          "links": [
            3,
            5
          ],
          "slot_index": 1
        },
        {
          "name": "VAE",
          "type": "VAE",
          "links": [],
          "slot_index": 2
        }
      ],
      "properties": {
        "Node name for S&R": "CheckpointLoaderSimple"
      },
      "widgets_values": [
        "v1-5-pruned-emaonly.safetensors"
      ]
    },
    {
      "id": 19,
      "type": "Reroute",
      "pos": [
        790,
        780
      ],
      "size": [
        75,
        26
      ],
      "flags": {},
      "order": 4,
      "mode": 0,
      "inputs": [
        {
          "name": "",
          "type": "*",
          "link": 47
        }
      ],
      "outputs": [
        {
          "name": "",
          "type": "VAE",
          "links": [
            32,
            37,
            45,
            68,
            69,
            70
          ],
          "slot_index": 0
        }
      ],
      "properties": {
        "showOutputText": false,
        "horizontal": false
      },
      "color": "#322",
      "bgcolor": "#533"
    },
    {
      "id": 33,
      "type": "KSampler",
      "pos": [
        1170,
        890
      ],
      "size": {
        "0": 270,
        "1": 262
      },
      "flags": {},
      "order": 17,
      "mode": 0,
      "inputs": [
        {
          "name": "model",
          "type": "MODEL",
          "link": 65
        },
        {
          "name": "positive",
          "type": "CONDITIONING",
          "link": 59
        },
        {
          "name": "negative",
          "type": "CONDITIONING",
          "link": 62
        },
        {
          "name": "latent_image",
          "type": "LATENT",
          "link": 56
        }
      ],
      "outputs": [
        {
          "name": "LATENT",
          "type": "LATENT",
          "links": [
            51
          ],
          "slot_index": 0
        }
      ],
      "properties": {
        "Node name for S&R": "KSampler"
      },
      "widgets_values": [
        109163472674802,
        "fixed",
        15,
        7,
        "dpmpp_2m",
        "karras",
        0.5
      ]
    },
    {
      "id": 36,
      "type": "KSampler",
      "pos": [
        1170,
        1190
      ],
      "size": {
        "0": 270,
        "1": 262
      },
      "flags": {},
      "order": 18,
      "mode": 0,
      "inputs": [
        {
          "name": "model",
          "type": "MODEL",
          "link": 66
        },
        {
          "name": "positive",
          "type": "CONDITIONING",
          "link": 60
        },
        {
          "name": "negative",
          "type": "CONDITIONING",
          "link": 63
        },
        {
          "name": "latent_image",
          "type": "LATENT",
          "link": 57
        }
      ],
      "outputs": [
        {
          "name": "LATENT",
          "type": "LATENT",
          "links": [
            53
          ],
          "slot_index": 0
        }
      ],
      "properties": {
        "Node name for S&R": "KSampler"
      },
      "widgets_values": [
        109163472674802,
        "fixed",
        15,
        7,
        "dpmpp_2m",
        "karras",
        0.75
      ]
    },
    {
      "id": 39,
      "type": "KSampler",
      "pos": [
        1170,
        1490
      ],
      "size": {
        "0": 270,
        "1": 262
      },
      "flags": {},
      "order": 19,
      "mode": 0,
      "inputs": [
        {
          "name": "model",
          "type": "MODEL",
          "link": 67
        },
        {
          "name": "positive",
          "type": "CONDITIONING",
          "link": 61
        },
        {
          "name": "negative",
          "type": "CONDITIONING",
          "link": 64
        },
        {
          "name": "latent_image",
          "type": "LATENT",
          "link": 58
        }
      ],
      "outputs": [
        {
          "name": "LATENT",
          "type": "LATENT",
          "links": [
            55
          ],
          "slot_index": 0
        }
      ],
      "properties": {
        "Node name for S&R": "KSampler"
      },
      "widgets_values": [
        109163472674802,
        "fixed",
        15,
        7,
        "dpmpp_2m",
        "karras",
        1
      ]
    },
    {
      "id": 37,
      "type": "VAEDecode",
      "pos": [
        1460,
        1200
      ],
      "size": [
        140,
        50
      ],
      "flags": {},
      "order": 22,
      "mode": 0,
      "inputs": [
        {
          "name": "samples",
          "type": "LATENT",
          "link": 53
        },
        {
          "name": "vae",
          "type": "VAE",
          "link": 69
        }
      ],
      "outputs": [
        {
          "name": "IMAGE",
          "type": "IMAGE",
          "links": [
            52
          ],
          "slot_index": 0
        }
      ],
      "properties": {
        "Node name for S&R": "VAEDecode"
      }
    },
    {
      "id": 34,
      "type": "VAEDecode",
      "pos": [
        1460,
        1090
      ],
      "size": [
        140,
        50
      ],
      "flags": {},
      "order": 21,
      "mode": 0,
      "inputs": [
        {
          "name": "samples",
          "type": "LATENT",
          "link": 51
        },
        {
          "name": "vae",
          "type": "VAE",
          "link": 68
        }
      ],
      "outputs": [
        {
          "name": "IMAGE",
          "type": "IMAGE",
          "links": [
            50
          ],
          "slot_index": 0
        }
      ],
      "properties": {
        "Node name for S&R": "VAEDecode"
      }
    },
    {
      "id": 22,
      "type": "VAEDecode",
      "pos": [
        1460,
        800
      ],
      "size": [
        140,
        50
      ],
      "flags": {},
      "order": 20,
      "mode": 0,
      "inputs": [
        {
          "name": "samples",
          "type": "LATENT",
          "link": 36
        },
        {
          "name": "vae",
          "type": "VAE",
          "link": 37
        }
      ],
      "outputs": [
        {
          "name": "IMAGE",
          "type": "IMAGE",
          "links": [
            38
          ],
          "slot_index": 0
        }
      ],
      "properties": {
        "Node name for S&R": "VAEDecode"
      }
    },
    {
      "id": 40,
      "type": "VAEDecode",
      "pos": [
        1460,
        1500
      ],
      "size": [
        140,
        50
      ],
      "flags": {},
      "order": 23,
      "mode": 0,
      "inputs": [
        {
          "name": "samples",
          "type": "LATENT",
          "link": 55
        },
        {
          "name": "vae",
          "type": "VAE",
          "link": 70
        }
      ],
      "outputs": [
        {
          "name": "IMAGE",
          "type": "IMAGE",
          "links": [
            54
          ],
          "slot_index": 0
        }
      ],
      "properties": {
        "Node name for S&R": "VAEDecode"
      }
    },
    {
      "id": 9,
      "type": "SaveImage",
      "pos": [
        1650,
        660
      ],
      "size": {
        "0": 450,
        "1": 490
      },
      "flags": {},
      "order": 24,
      "mode": 0,
      "inputs": [
        {
          "name": "images",
          "type": "IMAGE",
          "link": 38
        }
      ],
      "properties": {},
      "widgets_values": [
        "Result"
      ],
      "color": "#2a363b",
      "bgcolor": "#3f5159"
    },
    {
      "id": 32,
      "type": "SaveImage",
      "pos": [
        2120,
        660
      ],
      "size": {
        "0": 450,
        "1": 490
      },
      "flags": {},
      "order": 25,
      "mode": 0,
      "inputs": [
        {
          "name": "images",
          "type": "IMAGE",
          "link": 50
        }
      ],
      "properties": {},
      "widgets_values": [
        "Result"
      ],
      "color": "#2a363b",
      "bgcolor": "#3f5159"
    },
    {
      "id": 35,
      "type": "SaveImage",
      "pos": [
        1650,
        1200
      ],
      "size": {
        "0": 450,
        "1": 490
      },
      "flags": {},
      "order": 26,
      "mode": 0,
      "inputs": [
        {
          "name": "images",
          "type": "IMAGE",
          "link": 52
        }
      ],
      "properties": {},
      "widgets_values": [
        "Result"
      ],
      "color": "#2a363b",
      "bgcolor": "#3f5159"
    },
    {
      "id": 38,
      "type": "SaveImage",
      "pos": [
        2120,
        1200
      ],
      "size": {
        "0": 450,
        "1": 490
      },
      "flags": {},
      "order": 27,
      "mode": 0,
      "inputs": [
        {
          "name": "images",
          "type": "IMAGE",
          "link": 54
        }
      ],
      "properties": {},
      "widgets_values": [
        "Result"
      ],
      "color": "#2a363b",
      "bgcolor": "#3f5159"
    },
    {
      "id": 11,
      "type": "UpscaleModelLoader",
      "pos": [
        1320,
        140
      ],
      "size": {
        "0": 280,
        "1": 60
      },
      "flags": {},
      "order": 3,
      "mode": 0,
      "outputs": [
        {
          "name": "UPSCALE_MODEL",
          "type": "UPSCALE_MODEL",
          "links": [
            12
          ],
          "shape": 3,
          "slot_index": 0
        }
      ],
      "properties": {
        "Node name for S&R": "UpscaleModelLoader"
      },
      "widgets_values": [
        "4x_foolhardy_Remacri.pth"
      ]
    },
    {
      "id": 13,
      "type": "PreviewImage",
      "pos": [
        1650,
        260
      ],
      "size": {
        "0": 230,
        "1": 260
      },
      "flags": {},
      "order": 13,
      "mode": 0,
      "inputs": [
        {
          "name": "images",
          "type": "IMAGE",
          "link": 15
        }
      ],
      "properties": {
        "Node name for S&R": "PreviewImage"
      },
      "color": "#2a363b",
      "bgcolor": "#3f5159"
    },
    {
      "id": 6,
      "type": "CLIPTextEncode",
      "pos": [
        370,
        530
      ],
      "size": {
        "0": 340,
        "1": 160
      },
      "flags": {},
      "order": 6,
      "mode": 0,
      "inputs": [
        {
          "name": "clip",
          "type": "CLIP",
          "link": 3
        }
      ],
      "outputs": [
        {
          "name": "CONDITIONING",
          "type": "CONDITIONING",
          "links": [
            22
          ],
          "slot_index": 0
        }
      ],
      "title": "CLIP Text Encode (Positive)",
      "properties": {
        "Node name for S&R": "CLIPTextEncode"
      },
      "widgets_values": [
        "closeup photo of a Japanese girl with blue hair smiling, skin details\n\nprofessional photo, 4k, highly detailed, soft light"
      ],
      "color": "#232",
      "bgcolor": "#353"
    },
    {
      "id": 18,
      "type": "Reroute",
      "pos": [
        790,
        660
      ],
      "size": [
        75,
        26
      ],
      "flags": {},
      "order": 5,
      "mode": 0,
      "inputs": [
        {
          "name": "",
          "type": "*",
          "link": 24,
          "slot_index": 0
        }
      ],
      "outputs": [
        {
          "name": "",
          "type": "MODEL",
          "links": [
            29,
            30
          ],
          "slot_index": 0
        }
      ],
      "properties": {
        "showOutputText": false,
        "horizontal": false
      },
      "color": "#223",
      "bgcolor": "#335"
    },
    {
      "id": 27,
      "type": "VAEEncode",
      "pos": [
        820,
        1210
      ],
      "size": {
        "0": 140,
        "1": 50
      },
      "flags": {},
      "order": 15,
      "mode": 0,
      "inputs": [
        {
          "name": "pixels",
          "type": "IMAGE",
          "link": 44
        },
        {
          "name": "vae",
          "type": "VAE",
          "link": 45
        }
      ],
      "outputs": [
        {
          "name": "LATENT",
          "type": "LATENT",
          "links": [
            46,
            56,
            57,
            58
          ],
          "shape": 3,
          "slot_index": 0
        }
      ],
      "properties": {
        "Node name for S&R": "VAEEncode"
      }
    },
    {
      "id": 28,
      "type": "VAELoader",
      "pos": [
        360,
        1110
      ],
      "size": {
        "0": 340,
        "1": 60
      },
      "flags": {},
      "order": 1,
      "mode": 0,
      "outputs": [
        {
          "name": "VAE",
          "type": "VAE",
          "links": [
            47
          ],
          "shape": 3,
          "slot_index": 0
        }
      ],
      "properties": {
        "Node name for S&R": "VAELoader"
      },
      "widgets_values": [
        "vae-ft-mse-840000-ema-pruned.safetensors"
      ]
    },
    {
      "id": 5,
      "type": "EmptyLatentImage",
      "pos": [
        480,
        950
      ],
      "size": {
        "0": 220,
        "1": 106
      },
      "flags": {},
      "order": 0,
      "mode": 0,
      "outputs": [
        {
          "name": "LATENT",
          "type": "LATENT",
          "links": [
            2
          ],
          "slot_index": 0
        }
      ],
      "properties": {
        "Node name for S&R": "EmptyLatentImage"
      },
      "widgets_values": [
        512,
        512,
        1
      ],
      "color": "#323",
      "bgcolor": "#535"
    },
    {
      "id": 26,
      "type": "ImageScaleBy",
      "pos": [
        1910,
        140
      ],
      "size": {
        "0": 210,
        "1": 82
      },
      "flags": {},
      "order": 14,
      "mode": 0,
      "inputs": [
        {
          "name": "image",
          "type": "IMAGE",
          "link": 43
        }
      ],
      "outputs": [
        {
          "name": "IMAGE",
          "type": "IMAGE",
          "links": [
            44
          ],
          "shape": 3,
          "slot_index": 0
        }
      ],
      "properties": {
        "Node name for S&R": "ImageScaleBy"
      },
      "widgets_values": [
        "nearest-exact",
        0.5
      ]
    },
    {
      "id": 12,
      "type": "ImageUpscaleWithModel",
      "pos": [
        1650,
        150
      ],
      "size": {
        "0": 230,
        "1": 50
      },
      "flags": {},
      "order": 12,
      "mode": 0,
      "inputs": [
        {
          "name": "upscale_model",
          "type": "UPSCALE_MODEL",
          "link": 12
        },
        {
          "name": "image",
          "type": "IMAGE",
          "link": 13
        }
      ],
      "outputs": [
        {
          "name": "IMAGE",
          "type": "IMAGE",
          "links": [
            43
          ],
          "shape": 3,
          "slot_index": 0
        }
      ],
      "properties": {
        "Node name for S&R": "ImageUpscaleWithModel"
      }
    },
    {
      "id": 3,
      "type": "KSampler",
      "pos": [
        1170,
        260
      ],
      "size": {
        "0": 270,
        "1": 262
      },
      "flags": {},
      "order": 10,
      "mode": 0,
      "inputs": [
        {
          "name": "model",
          "type": "MODEL",
          "link": 29
        },
        {
          "name": "positive",
          "type": "CONDITIONING",
          "link": 25
        },
        {
          "name": "negative",
          "type": "CONDITIONING",
          "link": 26
        },
        {
          "name": "latent_image",
          "type": "LATENT",
          "link": 2
        }
      ],
      "outputs": [
        {
          "name": "LATENT",
          "type": "LATENT",
          "links": [
            7
          ],
          "slot_index": 0
        }
      ],
      "properties": {
        "Node name for S&R": "KSampler"
      },
      "widgets_values": [
        2041,
        "fixed",
        20,
        7,
        "dpmpp_2m",
        "karras",
        1
      ]
    }
  ],
  "links": [
    [
      2,
      5,
      0,
      3,
      3,
      "LATENT"
    ],
    [
      3,
      4,
      1,
      6,
      0,
      "CLIP"
    ],
    [
      5,
      4,
      1,
      7,
      0,
      "CLIP"
    ],
    [
      7,
      3,
      0,
      8,
      0,
      "LATENT"
    ],
    [
      12,
      11,
      0,
      12,
      0,
      "UPSCALE_MODEL"
    ],
    [
      13,
      8,
      0,
      12,
      1,
      "IMAGE"
    ],
    [
      15,
      8,
      0,
      13,
      0,
      "IMAGE"
    ],
    [
      22,
      6,
      0,
      16,
      0,
      "*"
    ],
    [
      23,
      7,
      0,
      17,
      0,
      "*"
    ],
    [
      24,
      4,
      0,
      18,
      0,
      "*"
    ],
    [
      25,
      16,
      0,
      3,
      1,
      "CONDITIONING"
    ],
    [
      26,
      17,
      0,
      3,
      2,
      "CONDITIONING"
    ],
    [
      27,
      16,
      0,
      14,
      1,
      "CONDITIONING"
    ],
    [
      28,
      17,
      0,
      14,
      2,
      "CONDITIONING"
    ],
    [
      29,
      18,
      0,
      3,
      0,
      "MODEL"
    ],
    [
      30,
      18,
      0,
      14,
      0,
      "MODEL"
    ],
    [
      32,
      19,
      0,
      8,
      1,
      "VAE"
    ],
    [
      36,
      14,
      0,
      22,
      0,
      "LATENT"
    ],
    [
      37,
      19,
      0,
      22,
      1,
      "VAE"
    ],
    [
      38,
      22,
      0,
      9,
      0,
      "IMAGE"
    ],
    [
      43,
      12,
      0,
      26,
      0,
      "IMAGE"
    ],
    [
      44,
      26,
      0,
      27,
      0,
      "IMAGE"
    ],
    [
      45,
      19,
      0,
      27,
      1,
      "VAE"
    ],
    [
      46,
      27,
      0,
      14,
      3,
      "LATENT"
    ],
    [
      47,
      28,
      0,
      19,
      0,
      "*"
    ],
    [
      50,
      34,
      0,
      32,
      0,
      "IMAGE"
    ],
    [
      51,
      33,
      0,
      34,
      0,
      "LATENT"
    ],
    [
      52,
      37,
      0,
      35,
      0,
      "IMAGE"
    ],
    [
      53,
      36,
      0,
      37,
      0,
      "LATENT"
    ],
    [
      54,
      40,
      0,
      38,
      0,
      "IMAGE"
    ],
    [
      55,
      39,
      0,
      40,
      0,
      "LATENT"
    ],
    [
      56,
      27,
      0,
      33,
      3,
      "LATENT"
    ],
    [
      57,
      27,
      0,
      36,
      3,
      "LATENT"
    ],
    [
      58,
      27,
      0,
      39,
      3,
      "LATENT"
    ],
    [
      59,
      16,
      0,
      33,
      1,
      "CONDITIONING"
    ],
    [
      60,
      16,
      0,
      36,
      1,
      "CONDITIONING"
    ],
    [
      61,
      16,
      0,
      39,
      1,
      "CONDITIONING"
    ],
    [
      62,
      17,
      0,
      33,
      2,
      "CONDITIONING"
    ],
    [
      63,
      17,
      0,
      36,
      2,
      "CONDITIONING"
    ],
    [
      64,
      17,
      0,
      39,
      2,
      "CONDITIONING"
    ],
    [
      65,
      4,
      0,
      33,
      0,
      "MODEL"
    ],
    [
      66,
      4,
      0,
      36,
      0,
      "MODEL"
    ],
    [
      67,
      4,
      0,
      39,
      0,
      "MODEL"
    ],
    [
      68,
      19,
      0,
      34,
      1,
      "VAE"
    ],
    [
      69,
      19,
      0,
      37,
      1,
      "VAE"
    ],
    [
      70,
      19,
      0,
      40,
      1,
      "VAE"
    ]
  ],
  "groups": [],
  "config": {},
  "extra": {},
  "version": 0.4
}