{
  "last_node_id": 25,
  "last_link_id": 40,
  "nodes": [
    {
      "id": 18,
      "type": "VAEDecode",
      "pos": [
        2180,
        710
      ],
      "size": {
        "0": 140,
        "1": 60
      },
      "flags": {},
      "order": 14,
      "mode": 0,
      "inputs": [
        {
          "name": "samples",
          "type": "LATENT",
          "link": 19
        },
        {
          "name": "vae",
          "type": "VAE",
          "link": 39
        }
      ],
      "outputs": [
        {
          "name": "IMAGE",
          "type": "IMAGE",
          "links": [
            29
          ],
          "slot_index": 0
        }
      ],
      "properties": {
        "Node name for S&R": "VAEDecode"
      }
    },
    {
      "id": 8,
      "type": "VAEDecode",
      "pos": [
        1260,
        350
      ],
      "size": {
        "0": 140,
        "1": 60
      },
      "flags": {},
      "order": 8,
      "mode": 0,
      "inputs": [
        {
          "name": "samples",
          "type": "LATENT",
          "link": 7
        },
        {
          "name": "vae",
          "type": "VAE",
          "link": 37
        }
      ],
      "outputs": [
        {
          "name": "IMAGE",
          "type": "IMAGE",
          "links": [
            15,
            27,
            35
          ],
          "slot_index": 0
        }
      ],
      "properties": {
        "Node name for S&R": "VAEDecode"
      }
    },
    {
      "id": 20,
      "type": "SaveImage",
      "pos": [
        1850,
        820
      ],
      "size": {
        "0": 470,
        "1": 520
      },
      "flags": {},
      "order": 15,
      "mode": 0,
      "inputs": [
        {
          "name": "images",
          "type": "IMAGE",
          "link": 29
        }
      ],
      "properties": {},
      "widgets_values": [
        "Final"
      ]
    },
    {
      "id": 19,
      "type": "VAEEncode",
      "pos": [
        1690,
        380
      ],
      "size": {
        "0": 140,
        "1": 50
      },
      "flags": {},
      "order": 12,
      "mode": 0,
      "inputs": [
        {
          "name": "pixels",
          "type": "IMAGE",
          "link": 31
        },
        {
          "name": "vae",
          "type": "VAE",
          "link": 38
        }
      ],
      "outputs": [
        {
          "name": "LATENT",
          "type": "LATENT",
          "links": [
            26
          ],
          "shape": 3,
          "slot_index": 0
        }
      ],
      "properties": {
        "Node name for S&R": "VAEEncode"
      }
    },
    {
      "id": 13,
      "type": "PreviewImage",
      "pos": [
        1430,
        50
      ],
      "size": {
        "0": 230,
        "1": 260
      },
      "flags": {},
      "order": 9,
      "mode": 0,
      "inputs": [
        {
          "name": "images",
          "type": "IMAGE",
          "link": 15
        }
      ],
      "properties": {
        "Node name for S&R": "PreviewImage"
      }
    },
    {
      "id": 24,
      "type": "Reroute",
      "pos": [
        1150,
        630
      ],
      "size": [
        75,
        26
      ],
      "flags": {},
      "order": 6,
      "mode": 0,
      "inputs": [
        {
          "name": "",
          "type": "*",
          "link": 40
        }
      ],
      "outputs": [
        {
          "name": "VAE",
          "type": "VAE",
          "links": [
            37,
            38,
            39
          ],
          "slot_index": 0
        }
      ],
      "properties": {
        "showOutputText": true,
        "horizontal": false
      },
      "color": "#322",
      "bgcolor": "#533"
    },
    {
      "id": 6,
      "type": "CLIPTextEncode",
      "pos": [
        430,
        190
      ],
      "size": {
        "0": 420,
        "1": 160
      },
      "flags": {},
      "order": 4,
      "mode": 0,
      "inputs": [
        {
          "name": "clip",
          "type": "CLIP",
          "link": 3
        }
      ],
      "outputs": [
        {
          "name": "CONDITIONING",
          "type": "CONDITIONING",
          "links": [
            4,
            33
          ],
          "slot_index": 0
        }
      ],
      "title": "CLIP Text Encode (Positive)",
      "properties": {
        "Node name for S&R": "CLIPTextEncode"
      },
      "widgets_values": [
        "closeup cyberpunk super cyborg cat\n\ndigital illustration, high quality 3d, 4k, cinematic"
      ],
      "color": "#232",
      "bgcolor": "#353"
    },
    {
      "id": 7,
      "type": "CLIPTextEncode",
      "pos": [
        430,
        410
      ],
      "size": {
        "0": 420,
        "1": 160
      },
      "flags": {},
      "order": 5,
      "mode": 0,
      "inputs": [
        {
          "name": "clip",
          "type": "CLIP",
          "link": 5
        }
      ],
      "outputs": [
        {
          "name": "CONDITIONING",
          "type": "CONDITIONING",
          "links": [
            6,
            22
          ],
          "slot_index": 0
        }
      ],
      "title": "CLIP Text Encode (Negative)",
      "properties": {
        "Node name for S&R": "CLIPTextEncode"
      },
      "widgets_values": [
        "blurry, painting"
      ],
      "color": "#322",
      "bgcolor": "#533"
    },
    {
      "id": 5,
      "type": "EmptyLatentImage",
      "pos": [
        630,
        620
      ],
      "size": {
        "0": 220,
        "1": 106
      },
      "flags": {},
      "order": 0,
      "mode": 0,
      "outputs": [
        {
          "name": "LATENT",
          "type": "LATENT",
          "links": [
            2
          ],
          "slot_index": 0
        }
      ],
      "properties": {
        "Node name for S&R": "EmptyLatentImage"
      },
      "widgets_values": [
        512,
        512,
        1
      ]
    },
    {
      "id": 3,
      "type": "KSampler",
      "pos": [
        930,
        350
      ],
      "size": {
        "0": 300,
        "1": 262
      },
      "flags": {},
      "order": 7,
      "mode": 0,
      "inputs": [
        {
          "name": "model",
          "type": "MODEL",
          "link": 1
        },
        {
          "name": "positive",
          "type": "CONDITIONING",
          "link": 4
        },
        {
          "name": "negative",
          "type": "CONDITIONING",
          "link": 6
        },
        {
          "name": "latent_image",
          "type": "LATENT",
          "link": 2
        }
      ],
      "outputs": [
        {
          "name": "LATENT",
          "type": "LATENT",
          "links": [
            7
          ],
          "slot_index": 0
        }
      ],
      "properties": {
        "Node name for S&R": "KSampler"
      },
      "widgets_values": [
        2,
        "fixed",
        20,
        7,
        "dpmpp_2m",
        "karras",
        1
      ]
    },
    {
      "id": 4,
      "type": "CheckpointLoaderSimple",
      "pos": [
        60,
        350
      ],
      "size": {
        "0": 320,
        "1": 100
      },
      "flags": {},
      "order": 1,
      "mode": 0,
      "outputs": [
        {
          "name": "MODEL",
          "type": "MODEL",
          "links": [
            1,
            28
          ],
          "slot_index": 0
        },
        {
          "name": "CLIP",
          "type": "CLIP",
          "links": [
            3,
            5
          ],
          "slot_index": 1
        },
        {
          "name": "VAE",
          "type": "VAE",
          "links": [],
          "slot_index": 2
        }
      ],
      "properties": {
        "Node name for S&R": "CheckpointLoaderSimple"
      },
      "widgets_values": [
        "v1-5-pruned-emaonly.safetensors"
      ]
    },
    {
      "id": 25,
      "type": "VAELoader",
      "pos": [
        930,
        700
      ],
      "size": [
        300,
        60
      ],
      "flags": {},
      "order": 2,
      "mode": 0,
      "outputs": [
        {
          "name": "VAE",
          "type": "VAE",
          "links": [
            40
          ],
          "shape": 3,
          "slot_index": 0
        }
      ],
      "properties": {
        "Node name for S&R": "VAELoader"
      },
      "widgets_values": [
        "vae-ft-mse-840000-ema-pruned.safetensors"
      ]
    },
    {
      "id": 15,
      "type": "ControlNetApply",
      "pos": [
        1580,
        530
      ],
      "size": [
        210,
        100
      ],
      "flags": {},
      "order": 10,
      "mode": 0,
      "inputs": [
        {
          "name": "conditioning",
          "type": "CONDITIONING",
          "link": 33
        },
        {
          "name": "control_net",
          "type": "CONTROL_NET",
          "link": 16
        },
        {
          "name": "image",
          "type": "IMAGE",
          "link": 27
        }
      ],
      "outputs": [
        {
          "name": "CONDITIONING",
          "type": "CONDITIONING",
          "links": [
            34
          ],
          "shape": 3,
          "slot_index": 0
        }
      ],
      "properties": {
        "Node name for S&R": "ControlNetApply"
      },
      "widgets_values": [
        1
      ]
    },
    {
      "id": 14,
      "type": "ControlNetLoader",
      "pos": [
        1290,
        700
      ],
      "size": {
        "0": 240,
        "1": 60
      },
      "flags": {},
      "order": 3,
      "mode": 0,
      "outputs": [
        {
          "name": "CONTROL_NET",
          "type": "CONTROL_NET",
          "links": [
            16
          ],
          "shape": 3,
          "slot_index": 0
        }
      ],
      "properties": {
        "Node name for S&R": "ControlNetLoader"
      },
      "widgets_values": [
        "control_v11f1e_sd15_tile.pth"
      ]
    },
    {
      "id": 23,
      "type": "ImageScaleBy",
      "pos": [
        1430,
        350
      ],
      "size": {
        "0": 230,
        "1": 82
      },
      "flags": {},
      "order": 11,
      "mode": 0,
      "inputs": [
        {
          "name": "image",
          "type": "IMAGE",
          "link": 35
        }
      ],
      "outputs": [
        {
          "name": "IMAGE",
          "type": "IMAGE",
          "links": [
            31
          ],
          "shape": 3,
          "slot_index": 0
        }
      ],
      "properties": {
        "Node name for S&R": "ImageScaleBy"
      },
      "widgets_values": [
        "nearest-exact",
        2
      ]
    },
    {
      "id": 17,
      "type": "KSampler",
      "pos": [
        1850,
        510
      ],
      "size": {
        "0": 300,
        "1": 262
      },
      "flags": {},
      "order": 13,
      "mode": 0,
      "inputs": [
        {
          "name": "model",
          "type": "MODEL",
          "link": 28
        },
        {
          "name": "positive",
          "type": "CONDITIONING",
          "link": 34
        },
        {
          "name": "negative",
          "type": "CONDITIONING",
          "link": 22
        },
        {
          "name": "latent_image",
          "type": "LATENT",
          "link": 26
        }
      ],
      "outputs": [
        {
          "name": "LATENT",
          "type": "LATENT",
          "links": [
            19
          ],
          "slot_index": 0
        }
      ],
      "properties": {
        "Node name for S&R": "KSampler"
      },
      "widgets_values": [
        875025290390860,
        "fixed",
        15,
        7,
        "dpmpp_2m",
        "karras",
        0.75
      ]
    }
  ],
  "links": [
    [
      1,
      4,
      0,
      3,
      0,
      "MODEL"
    ],
    [
      2,
      5,
      0,
      3,
      3,
      "LATENT"
    ],
    [
      3,
      4,
      1,
      6,
      0,
      "CLIP"
    ],
    [
      4,
      6,
      0,
      3,
      1,
      "CONDITIONING"
    ],
    [
      5,
      4,
      1,
      7,
      0,
      "CLIP"
    ],
    [
      6,
      7,
      0,
      3,
      2,
      "CONDITIONING"
    ],
    [
      7,
      3,
      0,
      8,
      0,
      "LATENT"
    ],
    [
      15,
      8,
      0,
      13,
      0,
      "IMAGE"
    ],
    [
      16,
      14,
      0,
      15,
      1,
      "CONTROL_NET"
    ],
    [
      19,
      17,
      0,
      18,
      0,
      "LATENT"
    ],
    [
      22,
      7,
      0,
      17,
      2,
      "CONDITIONING"
    ],
    [
      26,
      19,
      0,
      17,
      3,
      "LATENT"
    ],
    [
      27,
      8,
      0,
      15,
      2,
      "IMAGE"
    ],
    [
      28,
      4,
      0,
      17,
      0,
      "MODEL"
    ],
    [
      29,
      18,
      0,
      20,
      0,
      "IMAGE"
    ],
    [
      31,
      23,
      0,
      19,
      0,
      "IMAGE"
    ],
    [
      33,
      6,
      0,
      15,
      0,
      "CONDITIONING"
    ],
    [
      34,
      15,
      0,
      17,
      1,
      "CONDITIONING"
    ],
    [
      35,
      8,
      0,
      23,
      0,
      "IMAGE"
    ],
    [
      37,
      24,
      0,
      8,
      1,
      "VAE"
    ],
    [
      38,
      24,
      0,
      19,
      1,
      "VAE"
    ],
    [
      39,
      24,
      0,
      18,
      1,
      "VAE"
    ],
    [
      40,
      25,
      0,
      24,
      0,
      "*"
    ]
  ],
  "groups": [],
  "config": {},
  "extra": {},
  "version": 0.4
}