{
  "last_node_id": 16,
  "last_link_id": 24,
  "nodes": [
    {
      "id": 8,
      "type": "VAEDecode",
      "pos": [
        1480,
        60
      ],
      "size": {
        "0": 140,
        "1": 60
      },
      "flags": {},
      "order": 8,
      "mode": 0,
      "inputs": [
        {
          "name": "samples",
          "type": "LATENT",
          "link": 7
        },
        {
          "name": "vae",
          "type": "VAE",
          "link": 15
        }
      ],
      "outputs": [
        {
          "name": "IMAGE",
          "type": "IMAGE",
          "links": [
            9
          ],
          "slot_index": 0
        }
      ],
      "properties": {
        "Node name for S&R": "VAEDecode"
      }
    },
    {
      "id": 3,
      "type": "KSampler",
      "pos": [
        1140,
        60
      ],
      "size": {
        "0": 300,
        "1": 262
      },
      "flags": {},
      "order": 7,
      "mode": 0,
      "inputs": [
        {
          "name": "model",
          "type": "MODEL",
          "link": 14
        },
        {
          "name": "positive",
          "type": "CONDITIONING",
          "link": 19
        },
        {
          "name": "negative",
          "type": "CONDITIONING",
          "link": 6
        },
        {
          "name": "latent_image",
          "type": "LATENT",
          "link": 2
        }
      ],
      "outputs": [
        {
          "name": "LATENT",
          "type": "LATENT",
          "links": [
            7
          ],
          "slot_index": 0
        }
      ],
      "properties": {
        "Node name for S&R": "KSampler"
      },
      "widgets_values": [
        2,
        "fixed",
        20,
        7,
        "dpmpp_3m_sde_gpu",
        "sgm_uniform",
        1
      ]
    },
    {
      "id": 5,
      "type": "EmptyLatentImage",
      "pos": [
        870,
        210
      ],
      "size": {
        "0": 220,
        "1": 106
      },
      "flags": {},
      "order": 0,
      "mode": 0,
      "outputs": [
        {
          "name": "LATENT",
          "type": "LATENT",
          "links": [
            2
          ],
          "slot_index": 0
        }
      ],
      "properties": {
        "Node name for S&R": "EmptyLatentImage"
      },
      "widgets_values": [
        768,
        768,
        1
      ]
    },
    {
      "id": 7,
      "type": "CLIPTextEncode",
      "pos": [
        400,
        370
      ],
      "size": {
        "0": 370,
        "1": 160
      },
      "flags": {},
      "order": 4,
      "mode": 0,
      "inputs": [
        {
          "name": "clip",
          "type": "CLIP",
          "link": 21
        }
      ],
      "outputs": [
        {
          "name": "CONDITIONING",
          "type": "CONDITIONING",
          "links": [
            6
          ],
          "slot_index": 0
        }
      ],
      "title": "CLIP Text Encode (Negative)",
      "properties": {
        "Node name for S&R": "CLIPTextEncode"
      },
      "widgets_values": [
        "blurry, illustration"
      ],
      "color": "#322",
      "bgcolor": "#533"
    },
    {
      "id": 9,
      "type": "SaveImage",
      "pos": [
        1480,
        170
      ],
      "size": {
        "0": 410,
        "1": 460
      },
      "flags": {},
      "order": 9,
      "mode": 0,
      "inputs": [
        {
          "name": "images",
          "type": "IMAGE",
          "link": 9
        }
      ],
      "properties": {},
      "widgets_values": [
        "Result"
      ]
    },
    {
      "id": 6,
      "type": "CLIPTextEncode",
      "pos": [
        410,
        60
      ],
      "size": {
        "0": 370,
        "1": 160
      },
      "flags": {},
      "order": 3,
      "mode": 0,
      "inputs": [
        {
          "name": "clip",
          "type": "CLIP",
          "link": 13
        }
      ],
      "outputs": [
        {
          "name": "CONDITIONING",
          "type": "CONDITIONING",
          "links": [
            18
          ],
          "slot_index": 0
        }
      ],
      "title": "CLIP Text Encode (Positive)",
      "properties": {
        "Node name for S&R": "CLIPTextEncode"
      },
      "widgets_values": [
        "a beautiful photograph of an old European city"
      ],
      "color": "#232",
      "bgcolor": "#353"
    },
    {
      "id": 12,
      "type": "unCLIPCheckpointLoader",
      "pos": [
        30,
        180
      ],
      "size": {
        "0": 250,
        "1": 120
      },
      "flags": {},
      "order": 1,
      "mode": 0,
      "outputs": [
        {
          "name": "MODEL",
          "type": "MODEL",
          "links": [
            14
          ],
          "shape": 3,
          "slot_index": 0
        },
        {
          "name": "CLIP",
          "type": "CLIP",
          "links": [
            13,
            21
          ],
          "shape": 3,
          "slot_index": 1
        },
        {
          "name": "VAE",
          "type": "VAE",
          "links": [
            15
          ],
          "shape": 3,
          "slot_index": 2
        },
        {
          "name": "CLIP_VISION",
          "type": "CLIP_VISION",
          "links": [
            16
          ],
          "shape": 3,
          "slot_index": 3
        }
      ],
      "properties": {
        "Node name for S&R": "unCLIPCheckpointLoader"
      },
      "widgets_values": [
        "sd21-unclip-h.ckpt"
      ]
    },
    {
      "id": 13,
      "type": "CLIPVisionEncode",
      "pos": [
        520,
        270
      ],
      "size": {
        "0": 253.60000610351562,
        "1": 50
      },
      "flags": {},
      "order": 5,
      "mode": 0,
      "inputs": [
        {
          "name": "clip_vision",
          "type": "CLIP_VISION",
          "link": 16
        },
        {
          "name": "image",
          "type": "IMAGE",
          "link": 24
        }
      ],
      "outputs": [
        {
          "name": "CLIP_VISION_OUTPUT",
          "type": "CLIP_VISION_OUTPUT",
          "links": [
            17
          ],
          "shape": 3,
          "slot_index": 0
        }
      ],
      "properties": {
        "Node name for S&R": "CLIPVisionEncode"
      }
    },
    {
      "id": 15,
      "type": "LoadImage",
      "pos": [
        120,
        360
      ],
      "size": {
        "0": 240,
        "1": 320
      },
      "flags": {},
      "order": 2,
      "mode": 0,
      "outputs": [
        {
          "name": "IMAGE",
          "type": "IMAGE",
          "links": [
            24
          ],
          "shape": 3,
          "slot_index": 0
        },
        {
          "name": "MASK",
          "type": "MASK",
          "links": null,
          "shape": 3
        }
      ],
      "properties": {
        "Node name for S&R": "LoadImage"
      },
      "widgets_values": [
        "cwf_budapest.jpg",
        "image"
      ]
    },
    {
      "id": 14,
      "type": "unCLIPConditioning",
      "pos": [
        830,
        60
      ],
      "size": {
        "0": 262,
        "1": 102
      },
      "flags": {},
      "order": 6,
      "mode": 0,
      "inputs": [
        {
          "name": "conditioning",
          "type": "CONDITIONING",
          "link": 18
        },
        {
          "name": "clip_vision_output",
          "type": "CLIP_VISION_OUTPUT",
          "link": 17
        }
      ],
      "outputs": [
        {
          "name": "CONDITIONING",
          "type": "CONDITIONING",
          "links": [
            19
          ],
          "shape": 3,
          "slot_index": 0
        }
      ],
      "properties": {
        "Node name for S&R": "unCLIPConditioning"
      },
      "widgets_values": [
        1,
        0.1
      ]
    }
  ],
  "links": [
    [
      2,
      5,
      0,
      3,
      3,
      "LATENT"
    ],
    [
      6,
      7,
      0,
      3,
      2,
      "CONDITIONING"
    ],
    [
      7,
      3,
      0,
      8,
      0,
      "LATENT"
    ],
    [
      9,
      8,
      0,
      9,
      0,
      "IMAGE"
    ],
    [
      13,
      12,
      1,
      6,
      0,
      "CLIP"
    ],
    [
      14,
      12,
      0,
      3,
      0,
      "MODEL"
    ],
    [
      15,
      12,
      2,
      8,
      1,
      "VAE"
    ],
    [
      16,
      12,
      3,
      13,
      0,
      "CLIP_VISION"
    ],
    [
      17,
      13,
      0,
      14,
      1,
      "CLIP_VISION_OUTPUT"
    ],
    [
      18,
      6,
      0,
      14,
      0,
      "CONDITIONING"
    ],
    [
      19,
      14,
      0,
      3,
      1,
      "CONDITIONING"
    ],
    [
      21,
      12,
      1,
      7,
      0,
      "CLIP"
    ],
    [
      24,
      15,
      0,
      13,
      1,
      "IMAGE"
    ]
  ],
  "groups": [],
  "config": {},
  "extra": {},
  "version": 0.4
}