{
  "last_node_id": 57,
  "last_link_id": 132,
  "nodes": [
    {
      "id": 14,
      "type": "CheckpointLoaderSimple",
      "pos": [
        20,
        430
      ],
      "size": {
        "0": 320,
        "1": 100
      },
      "flags": {},
      "order": 0,
      "mode": 0,
      "outputs": [
        {
          "name": "MODEL",
          "type": "MODEL",
          "links": [
            60
          ],
          "shape": 3,
          "slot_index": 0
        },
        {
          "name": "CLIP",
          "type": "CLIP",
          "links": [
            18,
            19
          ],
          "shape": 3,
          "slot_index": 1
        },
        {
          "name": "VAE",
          "type": "VAE",
          "links": null,
          "shape": 3
        }
      ],
      "title": "Load Checkpoint Base",
      "properties": {
        "Node name for S&R": "CheckpointLoaderSimple"
      },
      "widgets_values": [
        "sd_xl_base_1.0.safetensors"
      ]
    },
    {
      "id": 23,
      "type": "PrimitiveNode",
      "pos": [
        20,
        240
      ],
      "size": {
        "0": 320,
        "1": 150
      },
      "flags": {},
      "order": 1,
      "mode": 0,
      "outputs": [
        {
          "name": "STRING",
          "type": "STRING",
          "links": [
            106,
            107
          ],
          "slot_index": 0,
          "widget": {
            "name": "text_g",
            "config": [
              "STRING",
              {
                "multiline": true,
                "default": "CLIP_G"
              }
            ]
          }
        }
      ],
      "title": "Prompt: Negative",
      "properties": {},
      "widgets_values": [
        ""
      ],
      "color": "#322",
      "bgcolor": "#533"
    },
    {
      "id": 8,
      "type": "VAEDecode",
      "pos": [
        1750,
        60
      ],
      "size": {
        "0": 140,
        "1": 60
      },
      "flags": {},
      "order": 19,
      "mode": 0,
      "inputs": [
        {
          "name": "samples",
          "type": "LATENT",
          "link": 62
        },
        {
          "name": "vae",
          "type": "VAE",
          "link": 61
        }
      ],
      "outputs": [
        {
          "name": "IMAGE",
          "type": "IMAGE",
          "links": [
            9
          ],
          "slot_index": 0
        }
      ],
      "properties": {
        "Node name for S&R": "VAEDecode"
      }
    },
    {
      "id": 21,
      "type": "PrimitiveNode",
      "pos": [
        20,
        60
      ],
      "size": {
        "0": 320,
        "1": 140
      },
      "flags": {},
      "order": 2,
      "mode": 0,
      "outputs": [
        {
          "name": "STRING",
          "type": "STRING",
          "links": [
            104,
            105
          ],
          "slot_index": 0,
          "widget": {
            "name": "text_g",
            "config": [
              "STRING",
              {
                "multiline": true,
                "default": "CLIP_G"
              }
            ]
          }
        }
      ],
      "title": "Prompt: Main subject",
      "properties": {},
      "widgets_values": [
        ""
      ],
      "color": "#232",
      "bgcolor": "#353"
    },
    {
      "id": 9,
      "type": "SaveImage",
      "pos": [
        1750,
        160
      ],
      "size": {
        "0": 370,
        "1": 430
      },
      "flags": {},
      "order": 20,
      "mode": 0,
      "inputs": [
        {
          "name": "images",
          "type": "IMAGE",
          "link": 9
        }
      ],
      "properties": {},
      "widgets_values": [
        "SDXL"
      ],
      "color": "#2a363b",
      "bgcolor": "#3f5159"
    },
    {
      "id": 37,
      "type": "VAELoader",
      "pos": [
        1460,
        360
      ],
      "size": {
        "0": 260,
        "1": 60
      },
      "flags": {},
      "order": 3,
      "mode": 0,
      "outputs": [
        {
          "name": "VAE",
          "type": "VAE",
          "links": [
            61
          ],
          "shape": 3,
          "slot_index": 0
        }
      ],
      "properties": {
        "Node name for S&R": "VAELoader"
      },
      "widgets_values": [
        "sdxl_vae.safetensors"
      ]
    },
    {
      "id": 5,
      "type": "EmptyLatentImage",
      "pos": [
        130,
        670
      ],
      "size": {
        "0": 210,
        "1": 110
      },
      "flags": {},
      "order": 4,
      "mode": 0,
      "outputs": [
        {
          "name": "LATENT",
          "type": "LATENT",
          "links": [
            125
          ],
          "slot_index": 0
        }
      ],
      "properties": {
        "Node name for S&R": "EmptyLatentImage"
      },
      "widgets_values": [
        1024,
        1024,
        1
      ],
      "color": "#323",
      "bgcolor": "#535"
    },
    {
      "id": 36,
      "type": "KSampler",
      "pos": [
        1460,
        60
      ],
      "size": {
        "0": 260,
        "1": 262
      },
      "flags": {},
      "order": 18,
      "mode": 0,
      "inputs": [
        {
          "name": "model",
          "type": "MODEL",
          "link": 60
        },
        {
          "name": "positive",
          "type": "CONDITIONING",
          "link": 128
        },
        {
          "name": "negative",
          "type": "CONDITIONING",
          "link": 114
        },
        {
          "name": "latent_image",
          "type": "LATENT",
          "link": 125,
          "slot_index": 3
        }
      ],
      "outputs": [
        {
          "name": "LATENT",
          "type": "LATENT",
          "links": [
            62
          ],
          "shape": 3,
          "slot_index": 0
        }
      ],
      "properties": {
        "Node name for S&R": "KSampler"
      },
      "widgets_values": [
        51,
        "fixed",
        20,
        8,
        "dpmpp_2m_sde",
        "sgm_uniform",
        1
      ]
    },
    {
      "id": 52,
      "type": "ConditioningZeroOut",
      "pos": [
        420,
        320
      ],
      "size": {
        "0": 211.60000610351562,
        "1": 30
      },
      "flags": {
        "collapsed": false
      },
      "order": 13,
      "mode": 0,
      "inputs": [
        {
          "name": "conditioning",
          "type": "CONDITIONING",
          "link": 111
        }
      ],
      "outputs": [
        {
          "name": "CONDITIONING",
          "type": "CONDITIONING",
          "links": [
            112
          ],
          "shape": 3,
          "slot_index": 0
        }
      ],
      "properties": {
        "Node name for S&R": "ConditioningZeroOut"
      },
      "color": "#432",
      "bgcolor": "#653"
    },
    {
      "id": 19,
      "type": "CLIPTextEncodeSDXL",
      "pos": [
        420,
        390
      ],
      "size": {
        "0": 210,
        "1": 220
      },
      "flags": {},
      "order": 8,
      "mode": 0,
      "inputs": [
        {
          "name": "clip",
          "type": "CLIP",
          "link": 19
        },
        {
          "name": "text_g",
          "type": "STRING",
          "link": 106,
          "widget": {
            "name": "text_g",
            "config": [
              "STRING",
              {
                "multiline": true,
                "default": "CLIP_G"
              }
            ]
          }
        },
        {
          "name": "text_l",
          "type": "STRING",
          "link": 107,
          "widget": {
            "name": "text_l",
            "config": [
              "STRING",
              {
                "multiline": true,
                "default": "CLIP_L"
              }
            ]
          }
        }
      ],
      "outputs": [
        {
          "name": "CONDITIONING",
          "type": "CONDITIONING",
          "links": [
            113
          ],
          "shape": 3,
          "slot_index": 0
        }
      ],
      "properties": {
        "Node name for S&R": "CLIPTextEncodeSDXL"
      },
      "widgets_values": [
        4096,
        4096,
        0,
        0,
        4096,
        4096,
        "",
        ""
      ]
    },
    {
      "id": 53,
      "type": "ConditioningZeroOut",
      "pos": [
        420,
        650
      ],
      "size": {
        "0": 211.60000610351562,
        "1": 30
      },
      "flags": {
        "collapsed": false
      },
      "order": 12,
      "mode": 0,
      "inputs": [
        {
          "name": "conditioning",
          "type": "CONDITIONING",
          "link": 113
        }
      ],
      "outputs": [
        {
          "name": "CONDITIONING",
          "type": "CONDITIONING",
          "links": [
            114
          ],
          "shape": 3,
          "slot_index": 0
        }
      ],
      "properties": {
        "Node name for S&R": "ConditioningZeroOut"
      },
      "color": "#432",
      "bgcolor": "#653"
    },
    {
      "id": 16,
      "type": "CLIPTextEncodeSDXL",
      "pos": [
        420,
        60
      ],
      "size": {
        "0": 210,
        "1": 220
      },
      "flags": {},
      "order": 9,
      "mode": 0,
      "inputs": [
        {
          "name": "clip",
          "type": "CLIP",
          "link": 18
        },
        {
          "name": "text_g",
          "type": "STRING",
          "link": 104,
          "widget": {
            "name": "text_g",
            "config": [
              "STRING",
              {
                "multiline": true,
                "default": "CLIP_G"
              }
            ]
          }
        },
        {
          "name": "text_l",
          "type": "STRING",
          "link": 105,
          "widget": {
            "name": "text_l",
            "config": [
              "STRING",
              {
                "multiline": true,
                "default": "CLIP_L"
              }
            ]
          }
        }
      ],
      "outputs": [
        {
          "name": "CONDITIONING",
          "type": "CONDITIONING",
          "links": [
            111
          ],
          "shape": 3,
          "slot_index": 0
        }
      ],
      "properties": {
        "Node name for S&R": "CLIPTextEncodeSDXL"
      },
      "widgets_values": [
        4096,
        4096,
        0,
        0,
        4096,
        4096,
        "",
        ""
      ]
    },
    {
      "id": 43,
      "type": "unCLIPConditioning",
      "pos": [
        880,
        60
      ],
      "size": {
        "0": 262,
        "1": 102
      },
      "flags": {},
      "order": 16,
      "mode": 0,
      "inputs": [
        {
          "name": "conditioning",
          "type": "CONDITIONING",
          "link": 112
        },
        {
          "name": "clip_vision_output",
          "type": "CLIP_VISION_OUTPUT",
          "link": 67
        }
      ],
      "outputs": [
        {
          "name": "CONDITIONING",
          "type": "CONDITIONING",
          "links": [
            127
          ],
          "shape": 3,
          "slot_index": 0
        }
      ],
      "title": "First Image",
      "properties": {
        "Node name for S&R": "unCLIPConditioning"
      },
      "widgets_values": [
        1,
        0
      ],
      "color": "#432",
      "bgcolor": "#653"
    },
    {
      "id": 41,
      "type": "CLIPVisionLoader",
      "pos": [
        100,
        570
      ],
      "size": {
        "0": 240,
        "1": 60
      },
      "flags": {},
      "order": 5,
      "mode": 0,
      "outputs": [
        {
          "name": "CLIP_VISION",
          "type": "CLIP_VISION",
          "links": [
            66,
            86
          ],
          "shape": 3,
          "slot_index": 0
        }
      ],
      "properties": {
        "Node name for S&R": "CLIPVisionLoader"
      },
      "widgets_values": [
        "clip_vision_g.safetensors"
      ]
    },
    {
      "id": 42,
      "type": "CLIPVisionEncode",
      "pos": [
        610,
        -30
      ],
      "size": {
        "0": 253.60000610351562,
        "1": 50
      },
      "flags": {},
      "order": 15,
      "mode": 0,
      "inputs": [
        {
          "name": "clip_vision",
          "type": "CLIP_VISION",
          "link": 66
        },
        {
          "name": "image",
          "type": "IMAGE",
          "link": 130
        }
      ],
      "outputs": [
        {
          "name": "CLIP_VISION_OUTPUT",
          "type": "CLIP_VISION_OUTPUT",
          "links": [
            67
          ],
          "shape": 3,
          "slot_index": 0
        }
      ],
      "properties": {
        "Node name for S&R": "CLIPVisionEncode"
      }
    },
    {
      "id": 57,
      "type": "ImageScale",
      "pos": [
        930,
        300
      ],
      "size": [
        210,
        130
      ],
      "flags": {},
      "order": 10,
      "mode": 0,
      "inputs": [
        {
          "name": "image",
          "type": "IMAGE",
          "link": 131
        }
      ],
      "outputs": [
        {
          "name": "IMAGE",
          "type": "IMAGE",
          "links": [
            132
          ],
          "shape": 3,
          "slot_index": 0
        }
      ],
      "properties": {
        "Node name for S&R": "ImageScale"
      },
      "widgets_values": [
        "nearest-exact",
        1024,
        1024,
        "disabled"
      ]
    },
    {
      "id": 47,
      "type": "CLIPVisionEncode",
      "pos": [
        890,
        210
      ],
      "size": [
        250,
        50
      ],
      "flags": {},
      "order": 14,
      "mode": 0,
      "inputs": [
        {
          "name": "clip_vision",
          "type": "CLIP_VISION",
          "link": 86
        },
        {
          "name": "image",
          "type": "IMAGE",
          "link": 132
        }
      ],
      "outputs": [
        {
          "name": "CLIP_VISION_OUTPUT",
          "type": "CLIP_VISION_OUTPUT",
          "links": [
            87
          ],
          "shape": 3,
          "slot_index": 0
        }
      ],
      "properties": {
        "Node name for S&R": "CLIPVisionEncode"
      }
    },
    {
      "id": 46,
      "type": "LoadImage",
      "pos": [
        930,
        470
      ],
      "size": {
        "0": 210,
        "1": 290
      },
      "flags": {},
      "order": 6,
      "mode": 0,
      "outputs": [
        {
          "name": "IMAGE",
          "type": "IMAGE",
          "links": [
            131
          ],
          "shape": 3,
          "slot_index": 0
        },
        {
          "name": "MASK",
          "type": "MASK",
          "links": null,
          "shape": 3
        }
      ],
      "properties": {
        "Node name for S&R": "LoadImage"
      },
      "widgets_values": [
        "cwf_portrait.jpg",
        "image"
      ],
      "color": "#2a363b",
      "bgcolor": "#3f5159"
    },
    {
      "id": 56,
      "type": "ImageScale",
      "pos": [
        650,
        60
      ],
      "size": [
        210,
        130
      ],
      "flags": {},
      "order": 11,
      "mode": 0,
      "inputs": [
        {
          "name": "image",
          "type": "IMAGE",
          "link": 129
        }
      ],
      "outputs": [
        {
          "name": "IMAGE",
          "type": "IMAGE",
          "links": [
            130
          ],
          "shape": 3,
          "slot_index": 0
        }
      ],
      "properties": {
        "Node name for S&R": "ImageScale"
      },
      "widgets_values": [
        "nearest-exact",
        1024,
        1024,
        "disabled"
      ]
    },
    {
      "id": 39,
      "type": "LoadImage",
      "pos": [
        650,
        230
      ],
      "size": {
        "0": 210,
        "1": 314
      },
      "flags": {},
      "order": 7,
      "mode": 0,
      "outputs": [
        {
          "name": "IMAGE",
          "type": "IMAGE",
          "links": [
            129
          ],
          "shape": 3,
          "slot_index": 0
        },
        {
          "name": "MASK",
          "type": "MASK",
          "links": null,
          "shape": 3
        }
      ],
      "properties": {
        "Node name for S&R": "LoadImage"
      },
      "widgets_values": [
        "cwf_marble_statue.jpg",
        "image"
      ],
      "color": "#2a363b",
      "bgcolor": "#3f5159"
    },
    {
      "id": 48,
      "type": "unCLIPConditioning",
      "pos": [
        1170,
        60
      ],
      "size": {
        "0": 262,
        "1": 102
      },
      "flags": {},
      "order": 17,
      "mode": 0,
      "inputs": [
        {
          "name": "conditioning",
          "type": "CONDITIONING",
          "link": 127
        },
        {
          "name": "clip_vision_output",
          "type": "CLIP_VISION_OUTPUT",
          "link": 87
        }
      ],
      "outputs": [
        {
          "name": "CONDITIONING",
          "type": "CONDITIONING",
          "links": [
            128
          ],
          "shape": 3,
          "slot_index": 0
        }
      ],
      "title": "Second Image",
      "properties": {
        "Node name for S&R": "unCLIPConditioning"
      },
      "widgets_values": [
        0.6,
        0.3
      ],
      "color": "#432",
      "bgcolor": "#653"
    }
  ],
  "links": [
    [
      9,
      8,
      0,
      9,
      0,
      "IMAGE"
    ],
    [
      18,
      14,
      1,
      16,
      0,
      "CLIP"
    ],
    [
      19,
      14,
      1,
      19,
      0,
      "CLIP"
    ],
    [
      60,
      14,
      0,
      36,
      0,
      "MODEL"
    ],
    [
      61,
      37,
      0,
      8,
      1,
      "VAE"
    ],
    [
      62,
      36,
      0,
      8,
      0,
      "LATENT"
    ],
    [
      66,
      41,
      0,
      42,
      0,
      "CLIP_VISION"
    ],
    [
      67,
      42,
      0,
      43,
      1,
      "CLIP_VISION_OUTPUT"
    ],
    [
      86,
      41,
      0,
      47,
      0,
      "CLIP_VISION"
    ],
    [
      87,
      47,
      0,
      48,
      1,
      "CLIP_VISION_OUTPUT"
    ],
    [
      104,
      21,
      0,
      16,
      1,
      "STRING"
    ],
    [
      105,
      21,
      0,
      16,
      2,
      "STRING"
    ],
    [
      106,
      23,
      0,
      19,
      1,
      "STRING"
    ],
    [
      107,
      23,
      0,
      19,
      2,
      "STRING"
    ],
    [
      111,
      16,
      0,
      52,
      0,
      "CONDITIONING"
    ],
    [
      112,
      52,
      0,
      43,
      0,
      "CONDITIONING"
    ],
    [
      113,
      19,
      0,
      53,
      0,
      "CONDITIONING"
    ],
    [
      114,
      53,
      0,
      36,
      2,
      "CONDITIONING"
    ],
    [
      125,
      5,
      0,
      36,
      3,
      "LATENT"
    ],
    [
      127,
      43,
      0,
      48,
      0,
      "CONDITIONING"
    ],
    [
      128,
      48,
      0,
      36,
      1,
      "CONDITIONING"
    ],
    [
      129,
      39,
      0,
      56,
      0,
      "IMAGE"
    ],
    [
      130,
      56,
      0,
      42,
      1,
      "IMAGE"
    ],
    [
      131,
      46,
      0,
      57,
      0,
      "IMAGE"
    ],
    [
      132,
      57,
      0,
      47,
      1,
      "IMAGE"
    ]
  ],
  "groups": [],
  "config": {},
  "extra": {},
  "version": 0.4
}