{
  "last_node_id": 89,
  "last_link_id": 150,
  "nodes": [
    {
      "id": 7,
      "type": "CLIPTextEncode",
      "pos": [
        400,
        110
      ],
      "size": {
        "0": 230,
        "1": 120
      },
      "flags": {},
      "order": 9,
      "mode": 0,
      "inputs": [
        {
          "name": "clip",
          "type": "CLIP",
          "link": 5
        }
      ],
      "outputs": [
        {
          "name": "CONDITIONING",
          "type": "CONDITIONING",
          "links": [
            106
          ],
          "slot_index": 0
        }
      ],
      "title": "CLIP Text Encode (Negative)",
      "properties": {
        "Node name for S&R": "CLIPTextEncode"
      },
      "widgets_values": [
        "illustration, painting, text, watermark, copyright, signature, notes"
      ],
      "color": "#322",
      "bgcolor": "#533"
    },
    {
      "id": 8,
      "type": "VAEDecode",
      "pos": [
        1200,
        -60
      ],
      "size": {
        "0": 140,
        "1": 60
      },
      "flags": {},
      "order": 16,
      "mode": 0,
      "inputs": [
        {
          "name": "samples",
          "type": "LATENT",
          "link": 7
        },
        {
          "name": "vae",
          "type": "VAE",
          "link": 101
        }
      ],
      "outputs": [
        {
          "name": "IMAGE",
          "type": "IMAGE",
          "links": [
            12,
            13
          ],
          "slot_index": 0
        }
      ],
      "properties": {
        "Node name for S&R": "VAEDecode"
      }
    },
    {
      "id": 5,
      "type": "EmptyLatentImage",
      "pos": [
        680,
        160
      ],
      "size": {
        "0": 210,
        "1": 110
      },
      "flags": {},
      "order": 0,
      "mode": 0,
      "outputs": [
        {
          "name": "LATENT",
          "type": "LATENT",
          "links": [
            2
          ],
          "slot_index": 0
        }
      ],
      "properties": {
        "Node name for S&R": "EmptyLatentImage"
      },
      "widgets_values": [
        1024,
        1024,
        1
      ]
    },
    {
      "id": 70,
      "type": "VAELoader",
      "pos": [
        30,
        330
      ],
      "size": {
        "0": 300,
        "1": 60
      },
      "flags": {},
      "order": 1,
      "mode": 0,
      "outputs": [
        {
          "name": "VAE",
          "type": "VAE",
          "links": [
            114
          ],
          "shape": 3,
          "slot_index": 0
        }
      ],
      "properties": {
        "Node name for S&R": "VAELoader"
      },
      "widgets_values": [
        "sdxl_vae.safetensors"
      ]
    },
    {
      "id": 66,
      "type": "Reroute",
      "pos": [
        700,
        -90
      ],
      "size": [
        75,
        26
      ],
      "flags": {},
      "order": 11,
      "mode": 0,
      "inputs": [
        {
          "name": "",
          "type": "*",
          "link": 103
        }
      ],
      "outputs": [
        {
          "name": "",
          "type": "CONDITIONING",
          "links": [
            111,
            121,
            143
          ],
          "slot_index": 0
        }
      ],
      "properties": {
        "showOutputText": false,
        "horizontal": false
      },
      "color": "#432",
      "bgcolor": "#653"
    },
    {
      "id": 67,
      "type": "Reroute",
      "pos": [
        700,
        60
      ],
      "size": [
        75,
        26
      ],
      "flags": {},
      "order": 12,
      "mode": 0,
      "inputs": [
        {
          "name": "",
          "type": "*",
          "link": 106
        }
      ],
      "outputs": [
        {
          "name": "",
          "type": "CONDITIONING",
          "links": [
            112,
            122,
            144
          ],
          "slot_index": 0
        }
      ],
      "properties": {
        "showOutputText": false,
        "horizontal": false
      },
      "color": "#432",
      "bgcolor": "#653"
    },
    {
      "id": 65,
      "type": "Reroute",
      "pos": [
        410,
        330
      ],
      "size": [
        75,
        26
      ],
      "flags": {},
      "order": 5,
      "mode": 0,
      "inputs": [
        {
          "name": "",
          "type": "*",
          "link": 114
        }
      ],
      "outputs": [
        {
          "name": "",
          "type": "VAE",
          "links": [
            101,
            115,
            116,
            146
          ],
          "slot_index": 0
        }
      ],
      "properties": {
        "showOutputText": false,
        "horizontal": false
      },
      "color": "#322",
      "bgcolor": "#533"
    },
    {
      "id": 80,
      "type": "SolidMask",
      "pos": [
        1660,
        450
      ],
      "size": {
        "0": 210,
        "1": 110
      },
      "flags": {},
      "order": 2,
      "mode": 0,
      "outputs": [
        {
          "name": "MASK",
          "type": "MASK",
          "links": [
            138
          ],
          "shape": 3,
          "slot_index": 0
        }
      ],
      "properties": {
        "Node name for S&R": "SolidMask"
      },
      "widgets_values": [
        1,
        144,
        1024
      ]
    },
    {
      "id": 85,
      "type": "FeatherMask",
      "pos": [
        1900,
        450
      ],
      "size": {
        "0": 210,
        "1": 130
      },
      "flags": {},
      "order": 6,
      "mode": 0,
      "inputs": [
        {
          "name": "mask",
          "type": "MASK",
          "link": 138
        }
      ],
      "outputs": [
        {
          "name": "MASK",
          "type": "MASK",
          "links": [
            133
          ],
          "shape": 3,
          "slot_index": 0
        }
      ],
      "properties": {
        "Node name for S&R": "FeatherMask"
      },
      "widgets_values": [
        64,
        0,
        64,
        0
      ]
    },
    {
      "id": 22,
      "type": "PreviewImage",
      "pos": [
        680,
        460
      ],
      "size": {
        "0": 460,
        "1": 330
      },
      "flags": {},
      "order": 23,
      "mode": 0,
      "inputs": [
        {
          "name": "images",
          "type": "IMAGE",
          "link": 24
        }
      ],
      "properties": {
        "Node name for S&R": "PreviewImage"
      }
    },
    {
      "id": 21,
      "type": "KSampler",
      "pos": [
        1910,
        10
      ],
      "size": {
        "0": 210,
        "1": 262
      },
      "flags": {},
      "order": 20,
      "mode": 0,
      "inputs": [
        {
          "name": "model",
          "type": "MODEL",
          "link": 149
        },
        {
          "name": "positive",
          "type": "CONDITIONING",
          "link": 121
        },
        {
          "name": "negative",
          "type": "CONDITIONING",
          "link": 122
        },
        {
          "name": "latent_image",
          "type": "LATENT",
          "link": 18
        }
      ],
      "outputs": [
        {
          "name": "LATENT",
          "type": "LATENT",
          "links": [
            22,
            142
          ],
          "slot_index": 0
        }
      ],
      "properties": {
        "Node name for S&R": "KSampler"
      },
      "widgets_values": [
        10006,
        "fixed",
        20,
        7,
        "dpmpp_2m_sde",
        "exponential",
        1
      ]
    },
    {
      "id": 4,
      "type": "CheckpointLoaderSimple",
      "pos": [
        30,
        190
      ],
      "size": {
        "0": 300,
        "1": 100
      },
      "flags": {},
      "order": 3,
      "mode": 0,
      "outputs": [
        {
          "name": "MODEL",
          "type": "MODEL",
          "links": [
            147
          ],
          "slot_index": 0
        },
        {
          "name": "CLIP",
          "type": "CLIP",
          "links": [
            3,
            5
          ],
          "slot_index": 1
        },
        {
          "name": "VAE",
          "type": "VAE",
          "links": [],
          "slot_index": 2
        }
      ],
      "properties": {
        "Node name for S&R": "CheckpointLoaderSimple"
      },
      "widgets_values": [
        "sd_xl_base_1.0.safetensors"
      ]
    },
    {
      "id": 89,
      "type": "Reroute",
      "pos": [
        410,
        280
      ],
      "size": [
        75,
        26
      ],
      "flags": {},
      "order": 7,
      "mode": 0,
      "inputs": [
        {
          "name": "",
          "type": "*",
          "link": 147
        }
      ],
      "outputs": [
        {
          "name": "",
          "type": "MODEL",
          "links": [
            148,
            149,
            150
          ],
          "slot_index": 0
        }
      ],
      "properties": {
        "showOutputText": false,
        "horizontal": false
      },
      "color": "#323",
      "bgcolor": "#535"
    },
    {
      "id": 6,
      "type": "CLIPTextEncode",
      "pos": [
        400,
        -40
      ],
      "size": {
        "0": 230,
        "1": 110
      },
      "flags": {},
      "order": 8,
      "mode": 0,
      "inputs": [
        {
          "name": "clip",
          "type": "CLIP",
          "link": 3
        }
      ],
      "outputs": [
        {
          "name": "CONDITIONING",
          "type": "CONDITIONING",
          "links": [
            103
          ],
          "slot_index": 0
        }
      ],
      "title": "CLIP Text Encode (Positive)",
      "properties": {
        "Node name for S&R": "CLIPTextEncode"
      },
      "widgets_values": [
        "a fantastic colorful alien landscape with mountains and valleys with galaxy in the sky"
      ],
      "color": "#232",
      "bgcolor": "#353"
    },
    {
      "id": 3,
      "type": "KSampler",
      "pos": [
        940,
        -50
      ],
      "size": [
        210,
        260
      ],
      "flags": {},
      "order": 14,
      "mode": 0,
      "inputs": [
        {
          "name": "model",
          "type": "MODEL",
          "link": 148
        },
        {
          "name": "positive",
          "type": "CONDITIONING",
          "link": 111
        },
        {
          "name": "negative",
          "type": "CONDITIONING",
          "link": 112
        },
        {
          "name": "latent_image",
          "type": "LATENT",
          "link": 2
        }
      ],
      "outputs": [
        {
          "name": "LATENT",
          "type": "LATENT",
          "links": [
            7
          ],
          "slot_index": 0
        }
      ],
      "properties": {
        "Node name for S&R": "KSampler"
      },
      "widgets_values": [
        1,
        "fixed",
        20,
        7,
        "dpmpp_2m_sde",
        "exponential",
        1
      ]
    },
    {
      "id": 81,
      "type": "MaskComposite",
      "pos": [
        2140,
        370
      ],
      "size": {
        "0": 210,
        "1": 130
      },
      "flags": {},
      "order": 10,
      "mode": 0,
      "inputs": [
        {
          "name": "destination",
          "type": "MASK",
          "link": 132
        },
        {
          "name": "source",
          "type": "MASK",
          "link": 133
        }
      ],
      "outputs": [
        {
          "name": "MASK",
          "type": "MASK",
          "links": [
            137,
            140
          ],
          "shape": 3,
          "slot_index": 0
        }
      ],
      "properties": {
        "Node name for S&R": "MaskComposite"
      },
      "widgets_values": [
        952,
        0,
        "add"
      ]
    },
    {
      "id": 87,
      "type": "MaskToImage",
      "pos": [
        2380,
        370
      ],
      "size": {
        "0": 180,
        "1": 30
      },
      "flags": {},
      "order": 13,
      "mode": 0,
      "inputs": [
        {
          "name": "mask",
          "type": "MASK",
          "link": 140
        }
      ],
      "outputs": [
        {
          "name": "IMAGE",
          "type": "IMAGE",
          "links": [
            141
          ],
          "shape": 3,
          "slot_index": 0
        }
      ],
      "properties": {
        "Node name for S&R": "MaskToImage"
      }
    },
    {
      "id": 88,
      "type": "PreviewImage",
      "pos": [
        2380,
        440
      ],
      "size": [
        210,
        170
      ],
      "flags": {},
      "order": 15,
      "mode": 0,
      "inputs": [
        {
          "name": "images",
          "type": "IMAGE",
          "link": 141
        }
      ],
      "properties": {
        "Node name for S&R": "PreviewImage"
      }
    },
    {
      "id": 84,
      "type": "SetLatentNoiseMask",
      "pos": [
        2160,
        10
      ],
      "size": {
        "0": 180,
        "1": 50
      },
      "flags": {},
      "order": 22,
      "mode": 0,
      "inputs": [
        {
          "name": "samples",
          "type": "LATENT",
          "link": 142
        },
        {
          "name": "mask",
          "type": "MASK",
          "link": 137
        }
      ],
      "outputs": [
        {
          "name": "LATENT",
          "type": "LATENT",
          "links": [
            134
          ],
          "shape": 3,
          "slot_index": 0
        }
      ],
      "properties": {
        "Node name for S&R": "SetLatentNoiseMask"
      }
    },
    {
      "id": 82,
      "type": "KSampler",
      "pos": [
        2370,
        10
      ],
      "size": [
        210,
        260
      ],
      "flags": {},
      "order": 24,
      "mode": 0,
      "inputs": [
        {
          "name": "model",
          "type": "MODEL",
          "link": 150
        },
        {
          "name": "positive",
          "type": "CONDITIONING",
          "link": 143
        },
        {
          "name": "negative",
          "type": "CONDITIONING",
          "link": 144
        },
        {
          "name": "latent_image",
          "type": "LATENT",
          "link": 134
        }
      ],
      "outputs": [
        {
          "name": "LATENT",
          "type": "LATENT",
          "links": [
            135
          ],
          "slot_index": 0
        }
      ],
      "properties": {
        "Node name for S&R": "KSampler"
      },
      "widgets_values": [
        84734289736,
        "fixed",
        10,
        7,
        "dpmpp_2m",
        "karras",
        0.45
      ]
    },
    {
      "id": 83,
      "type": "VAEDecode",
      "pos": [
        2610,
        10
      ],
      "size": [
        140,
        50
      ],
      "flags": {},
      "order": 25,
      "mode": 0,
      "inputs": [
        {
          "name": "samples",
          "type": "LATENT",
          "link": 135
        },
        {
          "name": "vae",
          "type": "VAE",
          "link": 146
        }
      ],
      "outputs": [
        {
          "name": "IMAGE",
          "type": "IMAGE",
          "links": [
            139
          ],
          "slot_index": 0
        }
      ],
      "properties": {
        "Node name for S&R": "VAEDecode"
      }
    },
    {
      "id": 79,
      "type": "SolidMask",
      "pos": [
        1660,
        290
      ],
      "size": {
        "0": 210,
        "1": 110
      },
      "flags": {},
      "order": 4,
      "mode": 0,
      "outputs": [
        {
          "name": "MASK",
          "type": "MASK",
          "links": [
            132
          ],
          "shape": 3,
          "slot_index": 0
        }
      ],
      "properties": {
        "Node name for S&R": "SolidMask"
      },
      "widgets_values": [
        0,
        1536,
        1024
      ]
    },
    {
      "id": 12,
      "type": "VAEEncodeForInpaint",
      "pos": [
        1650,
        -60
      ],
      "size": [
        230,
        100
      ],
      "flags": {},
      "order": 19,
      "mode": 0,
      "inputs": [
        {
          "name": "pixels",
          "type": "IMAGE",
          "link": 15
        },
        {
          "name": "vae",
          "type": "VAE",
          "link": 115
        },
        {
          "name": "mask",
          "type": "MASK",
          "link": 16
        }
      ],
      "outputs": [
        {
          "name": "LATENT",
          "type": "LATENT",
          "links": [
            18
          ],
          "shape": 3,
          "slot_index": 0
        }
      ],
      "properties": {
        "Node name for S&R": "VAEEncodeForInpaint"
      },
      "widgets_values": [
        24
      ]
    },
    {
      "id": 23,
      "type": "VAEDecode",
      "pos": [
        2160,
        -80
      ],
      "size": {
        "0": 140,
        "1": 50
      },
      "flags": {},
      "order": 21,
      "mode": 0,
      "inputs": [
        {
          "name": "samples",
          "type": "LATENT",
          "link": 22
        },
        {
          "name": "vae",
          "type": "VAE",
          "link": 116
        }
      ],
      "outputs": [
        {
          "name": "IMAGE",
          "type": "IMAGE",
          "links": [
            24
          ],
          "slot_index": 0
        }
      ],
      "properties": {
        "Node name for S&R": "VAEDecode"
      }
    },
    {
      "id": 15,
      "type": "PreviewImage",
      "pos": [
        370,
        460
      ],
      "size": [
        300,
        330
      ],
      "flags": {},
      "order": 18,
      "mode": 0,
      "inputs": [
        {
          "name": "images",
          "type": "IMAGE",
          "link": 13
        }
      ],
      "properties": {
        "Node name for S&R": "PreviewImage"
      }
    },
    {
      "id": 11,
      "type": "ImagePadForOutpaint",
      "pos": [
        1390,
        -60
      ],
      "size": {
        "0": 210,
        "1": 174
      },
      "flags": {},
      "order": 17,
      "mode": 0,
      "inputs": [
        {
          "name": "image",
          "type": "IMAGE",
          "link": 12
        }
      ],
      "outputs": [
        {
          "name": "IMAGE",
          "type": "IMAGE",
          "links": [
            15
          ],
          "shape": 3,
          "slot_index": 0
        },
        {
          "name": "MASK",
          "type": "MASK",
          "links": [
            16
          ],
          "shape": 3,
          "slot_index": 1
        }
      ],
      "properties": {
        "Node name for S&R": "ImagePadForOutpaint"
      },
      "widgets_values": [
        0,
        0,
        512,
        0,
        0
      ]
    },
    {
      "id": 86,
      "type": "SaveImage",
      "pos": [
        1150,
        430
      ],
      "size": {
        "0": 470,
        "1": 360
      },
      "flags": {},
      "order": 26,
      "mode": 0,
      "inputs": [
        {
          "name": "images",
          "type": "IMAGE",
          "link": 139
        }
      ],
      "properties": {},
      "widgets_values": [
        "Final"
      ]
    }
  ],
  "links": [
    [
      2,
      5,
      0,
      3,
      3,
      "LATENT"
    ],
    [
      3,
      4,
      1,
      6,
      0,
      "CLIP"
    ],
    [
      5,
      4,
      1,
      7,
      0,
      "CLIP"
    ],
    [
      7,
      3,
      0,
      8,
      0,
      "LATENT"
    ],
    [
      12,
      8,
      0,
      11,
      0,
      "IMAGE"
    ],
    [
      13,
      8,
      0,
      15,
      0,
      "IMAGE"
    ],
    [
      15,
      11,
      0,
      12,
      0,
      "IMAGE"
    ],
    [
      16,
      11,
      1,
      12,
      2,
      "MASK"
    ],
    [
      18,
      12,
      0,
      21,
      3,
      "LATENT"
    ],
    [
      22,
      21,
      0,
      23,
      0,
      "LATENT"
    ],
    [
      24,
      23,
      0,
      22,
      0,
      "IMAGE"
    ],
    [
      101,
      65,
      0,
      8,
      1,
      "VAE"
    ],
    [
      103,
      6,
      0,
      66,
      0,
      "*"
    ],
    [
      106,
      7,
      0,
      67,
      0,
      "*"
    ],
    [
      111,
      66,
      0,
      3,
      1,
      "CONDITIONING"
    ],
    [
      112,
      67,
      0,
      3,
      2,
      "CONDITIONING"
    ],
    [
      114,
      70,
      0,
      65,
      0,
      "*"
    ],
    [
      115,
      65,
      0,
      12,
      1,
      "VAE"
    ],
    [
      116,
      65,
      0,
      23,
      1,
      "VAE"
    ],
    [
      121,
      66,
      0,
      21,
      1,
      "CONDITIONING"
    ],
    [
      122,
      67,
      0,
      21,
      2,
      "CONDITIONING"
    ],
    [
      132,
      79,
      0,
      81,
      0,
      "MASK"
    ],
    [
      133,
      85,
      0,
      81,
      1,
      "MASK"
    ],
    [
      134,
      84,
      0,
      82,
      3,
      "LATENT"
    ],
    [
      135,
      82,
      0,
      83,
      0,
      "LATENT"
    ],
    [
      137,
      81,
      0,
      84,
      1,
      "MASK"
    ],
    [
      138,
      80,
      0,
      85,
      0,
      "MASK"
    ],
    [
      139,
      83,
      0,
      86,
      0,
      "IMAGE"
    ],
    [
      140,
      81,
      0,
      87,
      0,
      "MASK"
    ],
    [
      141,
      87,
      0,
      88,
      0,
      "IMAGE"
    ],
    [
      142,
      21,
      0,
      84,
      0,
      "LATENT"
    ],
    [
      143,
      66,
      0,
      82,
      1,
      "CONDITIONING"
    ],
    [
      144,
      67,
      0,
      82,
      2,
      "CONDITIONING"
    ],
    [
      146,
      65,
      0,
      83,
      1,
      "VAE"
    ],
    [
      147,
      4,
      0,
      89,
      0,
      "*"
    ],
    [
      148,
      89,
      0,
      3,
      0,
      "MODEL"
    ],
    [
      149,
      89,
      0,
      21,
      0,
      "MODEL"
    ],
    [
      150,
      89,
      0,
      82,
      0,
      "MODEL"
    ]
  ],
  "groups": [],
  "config": {},
  "extra": {},
  "version": 0.4
}