{
  "last_node_id": 44,
  "last_link_id": 70,
  "nodes": [
    {
      "id": 17,
      "type": "KSampler",
      "pos": [
        570,
        980
      ],
      "size": [
        250,
        230
      ],
      "flags": {},
      "order": 16,
      "mode": 0,
      "inputs": [
        {
          "name": "model",
          "type": "MODEL",
          "link": 62
        },
        {
          "name": "positive",
          "type": "CONDITIONING",
          "link": 67
        },
        {
          "name": "negative",
          "type": "CONDITIONING",
          "link": 68
        },
        {
          "name": "latent_image",
          "type": "LATENT",
          "link": 32
        },
        {
          "name": "seed",
          "type": "INT",
          "link": 41,
          "widget": {
            "name": "seed",
            "config": [
              "INT",
              {
                "default": 0,
                "min": 0,
                "max": 18446744073709552000
              }
            ]
          }
        },
        {
          "name": "steps",
          "type": "INT",
          "link": 45,
          "widget": {
            "name": "steps",
            "config": [
              "INT",
              {
                "default": 20,
                "min": 1,
                "max": 10000
              }
            ]
          }
        },
        {
          "name": "cfg",
          "type": "FLOAT",
          "link": 50,
          "widget": {
            "name": "cfg",
            "config": [
              "FLOAT",
              {
                "default": 8,
                "min": 0,
                "max": 100
              }
            ]
          }
        },
        {
          "name": "sampler_name",
          "type": "euler,euler_ancestral,heun,dpm_2,dpm_2_ancestral,lms,dpm_fast,dpm_adaptive,dpmpp_2s_ancestral,dpmpp_sde,dpmpp_sde_gpu,dpmpp_2m,dpmpp_2m_sde,dpmpp_2m_sde_gpu,dpmpp_3m_sde,dpmpp_3m_sde_gpu,ddim,uni_pc,uni_pc_bh2",
          "link": 58,
          "widget": {
            "name": "sampler_name",
            "config": [
              [
                "euler",
                "euler_ancestral",
                "heun",
                "dpm_2",
                "dpm_2_ancestral",
                "lms",
                "dpm_fast",
                "dpm_adaptive",
                "dpmpp_2s_ancestral",
                "dpmpp_sde",
                "dpmpp_sde_gpu",
                "dpmpp_2m",
                "dpmpp_2m_sde",
                "dpmpp_2m_sde_gpu",
                "dpmpp_3m_sde",
                "dpmpp_3m_sde_gpu",
                "ddim",
                "uni_pc",
                "uni_pc_bh2"
              ]
            ]
          }
        },
        {
          "name": "scheduler",
          "type": "normal,karras,exponential,sgm_uniform,simple,ddim_uniform",
          "link": 59,
          "widget": {
            "name": "scheduler",
            "config": [
              [
                "normal",
                "karras",
                "exponential",
                "sgm_uniform",
                "simple",
                "ddim_uniform"
              ]
            ]
          }
        }
      ],
      "outputs": [
        {
          "name": "LATENT",
          "type": "LATENT",
          "links": [
            23
          ],
          "slot_index": 0
        }
      ],
      "properties": {
        "Node name for S&R": "KSampler"
      },
      "widgets_values": [
        2001,
        "fixed",
        20,
        8,
        "dpmpp_2m",
        "karras",
        1
      ]
    },
    {
      "id": 4,
      "type": "CheckpointLoaderSimple",
      "pos": [
        -260,
        620
      ],
      "size": {
        "0": 340,
        "1": 100
      },
      "flags": {},
      "order": 0,
      "mode": 0,
      "outputs": [
        {
          "name": "MODEL",
          "type": "MODEL",
          "links": [
            1
          ],
          "slot_index": 0
        },
        {
          "name": "CLIP",
          "type": "CLIP",
          "links": [
            3,
            5
          ],
          "slot_index": 1
        },
        {
          "name": "VAE",
          "type": "VAE",
          "links": [],
          "slot_index": 2
        }
      ],
      "properties": {
        "Node name for S&R": "CheckpointLoaderSimple"
      },
      "widgets_values": [
        "absolutereality_v181.safetensors"
      ]
    },
    {
      "id": 7,
      "type": "CLIPTextEncode",
      "pos": [
        210,
        510
      ],
      "size": [
        230,
        50
      ],
      "flags": {},
      "order": 13,
      "mode": 0,
      "inputs": [
        {
          "name": "clip",
          "type": "CLIP",
          "link": 5
        },
        {
          "name": "text",
          "type": "STRING",
          "link": 61,
          "widget": {
            "name": "text",
            "config": [
              "STRING",
              {
                "multiline": true
              }
            ]
          }
        }
      ],
      "outputs": [
        {
          "name": "CONDITIONING",
          "type": "CONDITIONING",
          "links": [
            6
          ],
          "slot_index": 0
        }
      ],
      "title": "CLIP Text Encode (Negative)",
      "properties": {
        "Node name for S&R": "CLIPTextEncode"
      },
      "widgets_values": [
        "blurry, illustration"
      ],
      "color": "#432",
      "bgcolor": "#653"
    },
    {
      "id": 3,
      "type": "KSampler",
      "pos": [
        570,
        710
      ],
      "size": [
        250,
        230
      ],
      "flags": {},
      "order": 15,
      "mode": 0,
      "inputs": [
        {
          "name": "model",
          "type": "MODEL",
          "link": 1
        },
        {
          "name": "positive",
          "type": "CONDITIONING",
          "link": 4
        },
        {
          "name": "negative",
          "type": "CONDITIONING",
          "link": 6
        },
        {
          "name": "latent_image",
          "type": "LATENT",
          "link": 2
        },
        {
          "name": "seed",
          "type": "INT",
          "link": 40,
          "widget": {
            "name": "seed",
            "config": [
              "INT",
              {
                "default": 0,
                "min": 0,
                "max": 18446744073709552000
              }
            ]
          }
        },
        {
          "name": "steps",
          "type": "INT",
          "link": 44,
          "widget": {
            "name": "steps",
            "config": [
              "INT",
              {
                "default": 20,
                "min": 1,
                "max": 10000
              }
            ]
          }
        },
        {
          "name": "cfg",
          "type": "FLOAT",
          "link": 51,
          "widget": {
            "name": "cfg",
            "config": [
              "FLOAT",
              {
                "default": 8,
                "min": 0,
                "max": 100
              }
            ]
          }
        },
        {
          "name": "sampler_name",
          "type": "euler,euler_ancestral,heun,dpm_2,dpm_2_ancestral,lms,dpm_fast,dpm_adaptive,dpmpp_2s_ancestral,dpmpp_sde,dpmpp_sde_gpu,dpmpp_2m,dpmpp_2m_sde,dpmpp_2m_sde_gpu,dpmpp_3m_sde,dpmpp_3m_sde_gpu,ddim,uni_pc,uni_pc_bh2",
          "link": 56,
          "widget": {
            "name": "sampler_name",
            "config": [
              [
                "euler",
                "euler_ancestral",
                "heun",
                "dpm_2",
                "dpm_2_ancestral",
                "lms",
                "dpm_fast",
                "dpm_adaptive",
                "dpmpp_2s_ancestral",
                "dpmpp_sde",
                "dpmpp_sde_gpu",
                "dpmpp_2m",
                "dpmpp_2m_sde",
                "dpmpp_2m_sde_gpu",
                "dpmpp_3m_sde",
                "dpmpp_3m_sde_gpu",
                "ddim",
                "uni_pc",
                "uni_pc_bh2"
              ]
            ]
          }
        },
        {
          "name": "scheduler",
          "type": "normal,karras,exponential,sgm_uniform,simple,ddim_uniform",
          "link": 57,
          "widget": {
            "name": "scheduler",
            "config": [
              [
                "normal",
                "karras",
                "exponential",
                "sgm_uniform",
                "simple",
                "ddim_uniform"
              ]
            ]
          }
        }
      ],
      "outputs": [
        {
          "name": "LATENT",
          "type": "LATENT",
          "links": [
            7
          ],
          "slot_index": 0
        }
      ],
      "properties": {
        "Node name for S&R": "KSampler"
      },
      "widgets_values": [
        2001,
        "fixed",
        20,
        8,
        "dpmpp_2m",
        "karras",
        1
      ]
    },
    {
      "id": 41,
      "type": "CLIPTextEncode",
      "pos": [
        210,
        610
      ],
      "size": {
        "0": 230,
        "1": 50
      },
      "flags": {},
      "order": 12,
      "mode": 0,
      "inputs": [
        {
          "name": "clip",
          "type": "CLIP",
          "link": 63
        },
        {
          "name": "text",
          "type": "STRING",
          "link": 65,
          "widget": {
            "name": "text",
            "config": [
              "STRING",
              {
                "multiline": true
              }
            ]
          }
        }
      ],
      "outputs": [
        {
          "name": "CONDITIONING",
          "type": "CONDITIONING",
          "links": [
            67
          ],
          "slot_index": 0
        }
      ],
      "title": "CLIP Text Encode (Positive)",
      "properties": {
        "Node name for S&R": "CLIPTextEncode"
      },
      "widgets_values": [
        "a photo of a cat wearing a spacesuit inside a spaceship\n\nhigh resolution, detailed, 4k"
      ],
      "color": "#432",
      "bgcolor": "#653"
    },
    {
      "id": 42,
      "type": "CLIPTextEncode",
      "pos": [
        210,
        700
      ],
      "size": {
        "0": 230,
        "1": 50
      },
      "flags": {},
      "order": 14,
      "mode": 0,
      "inputs": [
        {
          "name": "clip",
          "type": "CLIP",
          "link": 64
        },
        {
          "name": "text",
          "type": "STRING",
          "link": 66,
          "widget": {
            "name": "text",
            "config": [
              "STRING",
              {
                "multiline": true
              }
            ]
          }
        }
      ],
      "outputs": [
        {
          "name": "CONDITIONING",
          "type": "CONDITIONING",
          "links": [
            68
          ],
          "slot_index": 0
        }
      ],
      "title": "CLIP Text Encode (Negative)",
      "properties": {
        "Node name for S&R": "CLIPTextEncode"
      },
      "widgets_values": [
        "blurry, illustration"
      ],
      "color": "#432",
      "bgcolor": "#653"
    },
    {
      "id": 32,
      "type": "PrimitiveNode",
      "pos": [
        -130,
        1070
      ],
      "size": [
        210,
        80
      ],
      "flags": {},
      "order": 1,
      "mode": 0,
      "outputs": [
        {
          "name": "INT",
          "type": "INT",
          "links": [
            40,
            41
          ],
          "slot_index": 0,
          "widget": {
            "name": "seed",
            "config": [
              "INT",
              {
                "default": 0,
                "min": 0,
                "max": 18446744073709552000
              }
            ]
          }
        }
      ],
      "title": "Seed",
      "properties": {},
      "widgets_values": [
        2001,
        "fixed"
      ]
    },
    {
      "id": 37,
      "type": "CheckpointLoaderSimple",
      "pos": [
        -260,
        770
      ],
      "size": {
        "0": 340,
        "1": 100
      },
      "flags": {},
      "order": 2,
      "mode": 0,
      "outputs": [
        {
          "name": "MODEL",
          "type": "MODEL",
          "links": [
            62
          ],
          "slot_index": 0
        },
        {
          "name": "CLIP",
          "type": "CLIP",
          "links": [
            63,
            64
          ],
          "slot_index": 1
        },
        {
          "name": "VAE",
          "type": "VAE",
          "links": [],
          "slot_index": 2
        }
      ],
      "properties": {
        "Node name for S&R": "CheckpointLoaderSimple"
      },
      "widgets_values": [
        "realisticVisionV30_v30VAE.safetensors"
      ]
    },
    {
      "id": 39,
      "type": "PrimitiveNode",
      "pos": [
        -180,
        310
      ],
      "size": [
        260,
        120
      ],
      "flags": {},
      "order": 3,
      "mode": 0,
      "outputs": [
        {
          "name": "STRING",
          "type": "STRING",
          "links": [
            60,
            65
          ],
          "slot_index": 0,
          "widget": {
            "name": "text",
            "config": [
              "STRING",
              {
                "multiline": true
              }
            ]
          }
        }
      ],
      "properties": {},
      "widgets_values": [
        "a photo of a cat wearing a spacesuit inside a spaceship\n\nhigh resolution, detailed, 4k"
      ],
      "color": "#232",
      "bgcolor": "#353"
    },
    {
      "id": 40,
      "type": "PrimitiveNode",
      "pos": [
        -180,
        470
      ],
      "size": [
        260,
        100
      ],
      "flags": {},
      "order": 4,
      "mode": 0,
      "outputs": [
        {
          "name": "STRING",
          "type": "STRING",
          "links": [
            61,
            66
          ],
          "slot_index": 0,
          "widget": {
            "name": "text",
            "config": [
              "STRING",
              {
                "multiline": true
              }
            ]
          }
        }
      ],
      "properties": {},
      "widgets_values": [
        "blurry, illustration"
      ],
      "color": "#322",
      "bgcolor": "#533"
    },
    {
      "id": 36,
      "type": "PrimitiveNode",
      "pos": [
        100,
        1430
      ],
      "size": [
        210,
        80
      ],
      "flags": {},
      "order": 5,
      "mode": 0,
      "outputs": [
        {
          "name": "COMBO",
          "type": "normal,karras,exponential,sgm_uniform,simple,ddim_uniform",
          "links": [
            57,
            59
          ],
          "slot_index": 0,
          "widget": {
            "name": "scheduler",
            "config": [
              [
                "normal",
                "karras",
                "exponential",
                "sgm_uniform",
                "simple",
                "ddim_uniform"
              ]
            ]
          }
        }
      ],
      "title": "Scheduler",
      "properties": {},
      "widgets_values": [
        "karras",
        "fixed"
      ]
    },
    {
      "id": 6,
      "type": "CLIPTextEncode",
      "pos": [
        210,
        420
      ],
      "size": [
        230,
        50
      ],
      "flags": {},
      "order": 11,
      "mode": 0,
      "inputs": [
        {
          "name": "clip",
          "type": "CLIP",
          "link": 3
        },
        {
          "name": "text",
          "type": "STRING",
          "link": 60,
          "widget": {
            "name": "text",
            "config": [
              "STRING",
              {
                "multiline": true
              }
            ]
          }
        }
      ],
      "outputs": [
        {
          "name": "CONDITIONING",
          "type": "CONDITIONING",
          "links": [
            4
          ],
          "slot_index": 0
        }
      ],
      "title": "CLIP Text Encode (Positive)",
      "properties": {
        "Node name for S&R": "CLIPTextEncode"
      },
      "widgets_values": [
        "a photo of a cat wearing a spacesuit inside a spaceship\n\nhigh resolution, detailed, 4k"
      ],
      "color": "#432",
      "bgcolor": "#653"
    },
    {
      "id": 18,
      "type": "VAEDecode",
      "pos": [
        930,
        980
      ],
      "size": {
        "0": 140,
        "1": 60
      },
      "flags": {},
      "order": 18,
      "mode": 0,
      "inputs": [
        {
          "name": "samples",
          "type": "LATENT",
          "link": 23
        },
        {
          "name": "vae",
          "type": "VAE",
          "link": 24
        }
      ],
      "outputs": [
        {
          "name": "IMAGE",
          "type": "IMAGE",
          "links": [
            69
          ],
          "slot_index": 0
        }
      ],
      "properties": {
        "Node name for S&R": "VAEDecode"
      }
    },
    {
      "id": 8,
      "type": "VAEDecode",
      "pos": [
        930,
        710
      ],
      "size": {
        "0": 140,
        "1": 60
      },
      "flags": {},
      "order": 17,
      "mode": 0,
      "inputs": [
        {
          "name": "samples",
          "type": "LATENT",
          "link": 7
        },
        {
          "name": "vae",
          "type": "VAE",
          "link": 12
        }
      ],
      "outputs": [
        {
          "name": "IMAGE",
          "type": "IMAGE",
          "links": [
            70
          ],
          "slot_index": 0
        }
      ],
      "properties": {
        "Node name for S&R": "VAEDecode"
      }
    },
    {
      "id": 11,
      "type": "VAELoader",
      "pos": [
        570,
        1250
      ],
      "size": [
        250,
        60
      ],
      "flags": {},
      "order": 6,
      "mode": 0,
      "outputs": [
        {
          "name": "VAE",
          "type": "VAE",
          "links": [
            12,
            24
          ],
          "shape": 3,
          "slot_index": 0
        }
      ],
      "properties": {
        "Node name for S&R": "VAELoader"
      },
      "widgets_values": [
        "vae-ft-mse-840000-ema-pruned.safetensors"
      ]
    },
    {
      "id": 35,
      "type": "PrimitiveNode",
      "pos": [
        -130,
        1430
      ],
      "size": [
        210,
        80
      ],
      "flags": {},
      "order": 7,
      "mode": 0,
      "outputs": [
        {
          "name": "COMBO",
          "type": "euler,euler_ancestral,heun,dpm_2,dpm_2_ancestral,lms,dpm_fast,dpm_adaptive,dpmpp_2s_ancestral,dpmpp_sde,dpmpp_sde_gpu,dpmpp_2m,dpmpp_2m_sde,dpmpp_2m_sde_gpu,dpmpp_3m_sde,dpmpp_3m_sde_gpu,ddim,uni_pc,uni_pc_bh2",
          "links": [
            56,
            58
          ],
          "slot_index": 0,
          "widget": {
            "name": "sampler_name",
            "config": [
              [
                "euler",
                "euler_ancestral",
                "heun",
                "dpm_2",
                "dpm_2_ancestral",
                "lms",
                "dpm_fast",
                "dpm_adaptive",
                "dpmpp_2s_ancestral",
                "dpmpp_sde",
                "dpmpp_sde_gpu",
                "dpmpp_2m",
                "dpmpp_2m_sde",
                "dpmpp_2m_sde_gpu",
                "dpmpp_3m_sde",
                "dpmpp_3m_sde_gpu",
                "ddim",
                "uni_pc",
                "uni_pc_bh2"
              ]
            ]
          }
        }
      ],
      "title": "Sampler",
      "properties": {},
      "widgets_values": [
        "dpmpp_2m",
        "fixed"
      ]
    },
    {
      "id": 43,
      "type": "SaveImage",
      "pos": [
        1140,
        1000
      ],
      "size": [
        390,
        450
      ],
      "flags": {},
      "order": 20,
      "mode": 0,
      "inputs": [
        {
          "name": "images",
          "type": "IMAGE",
          "link": 69
        }
      ],
      "properties": {},
      "widgets_values": [
        "ckp_2"
      ]
    },
    {
      "id": 44,
      "type": "SaveImage",
      "pos": [
        1140,
        510
      ],
      "size": {
        "0": 390,
        "1": 450
      },
      "flags": {},
      "order": 19,
      "mode": 0,
      "inputs": [
        {
          "name": "images",
          "type": "IMAGE",
          "link": 70
        }
      ],
      "properties": {},
      "widgets_values": [
        "ckp_1"
      ]
    },
    {
      "id": 5,
      "type": "EmptyLatentImage",
      "pos": [
        -130,
        920
      ],
      "size": [
        210,
        110
      ],
      "flags": {},
      "order": 8,
      "mode": 0,
      "outputs": [
        {
          "name": "LATENT",
          "type": "LATENT",
          "links": [
            2,
            32
          ],
          "slot_index": 0
        }
      ],
      "properties": {
        "Node name for S&R": "EmptyLatentImage"
      },
      "widgets_values": [
        512,
        512,
        1
      ],
      "color": "#323",
      "bgcolor": "#535"
    },
    {
      "id": 33,
      "type": "PrimitiveNode",
      "pos": [
        -130,
        1190
      ],
      "size": [
        210,
        80
      ],
      "flags": {},
      "order": 9,
      "mode": 0,
      "outputs": [
        {
          "name": "INT",
          "type": "INT",
          "links": [
            44,
            45
          ],
          "slot_index": 0,
          "widget": {
            "name": "steps",
            "config": [
              "INT",
              {
                "default": 20,
                "min": 1,
                "max": 10000
              }
            ]
          }
        }
      ],
      "title": "Steps",
      "properties": {},
      "widgets_values": [
        20,
        "fixed"
      ]
    },
    {
      "id": 34,
      "type": "PrimitiveNode",
      "pos": [
        -130,
        1310
      ],
      "size": [
        210,
        80
      ],
      "flags": {},
      "order": 10,
      "mode": 0,
      "outputs": [
        {
          "name": "FLOAT",
          "type": "FLOAT",
          "links": [
            50,
            51
          ],
          "slot_index": 0,
          "widget": {
            "name": "cfg",
            "config": [
              "FLOAT",
              {
                "default": 8,
                "min": 0,
                "max": 100
              }
            ]
          }
        }
      ],
      "title": "CFG",
      "properties": {},
      "widgets_values": [
        8,
        "fixed"
      ]
    }
  ],
  "links": [
    [
      1,
      4,
      0,
      3,
      0,
      "MODEL"
    ],
    [
      2,
      5,
      0,
      3,
      3,
      "LATENT"
    ],
    [
      3,
      4,
      1,
      6,
      0,
      "CLIP"
    ],
    [
      4,
      6,
      0,
      3,
      1,
      "CONDITIONING"
    ],
    [
      5,
      4,
      1,
      7,
      0,
      "CLIP"
    ],
    [
      6,
      7,
      0,
      3,
      2,
      "CONDITIONING"
    ],
    [
      7,
      3,
      0,
      8,
      0,
      "LATENT"
    ],
    [
      12,
      11,
      0,
      8,
      1,
      "VAE"
    ],
    [
      23,
      17,
      0,
      18,
      0,
      "LATENT"
    ],
    [
      24,
      11,
      0,
      18,
      1,
      "VAE"
    ],
    [
      32,
      5,
      0,
      17,
      3,
      "LATENT"
    ],
    [
      40,
      32,
      0,
      3,
      4,
      "INT"
    ],
    [
      41,
      32,
      0,
      17,
      4,
      "INT"
    ],
    [
      44,
      33,
      0,
      3,
      5,
      "INT"
    ],
    [
      45,
      33,
      0,
      17,
      5,
      "INT"
    ],
    [
      50,
      34,
      0,
      17,
      6,
      "FLOAT"
    ],
    [
      51,
      34,
      0,
      3,
      6,
      "FLOAT"
    ],
    [
      56,
      35,
      0,
      3,
      7,
      "euler,euler_ancestral,heun,dpm_2,dpm_2_ancestral,lms,dpm_fast,dpm_adaptive,dpmpp_2s_ancestral,dpmpp_sde,dpmpp_sde_gpu,dpmpp_2m,dpmpp_2m_sde,dpmpp_2m_sde_gpu,dpmpp_3m_sde,dpmpp_3m_sde_gpu,ddim,uni_pc,uni_pc_bh2"
    ],
    [
      57,
      36,
      0,
      3,
      8,
      "normal,karras,exponential,sgm_uniform,simple,ddim_uniform"
    ],
    [
      58,
      35,
      0,
      17,
      7,
      "euler,euler_ancestral,heun,dpm_2,dpm_2_ancestral,lms,dpm_fast,dpm_adaptive,dpmpp_2s_ancestral,dpmpp_sde,dpmpp_sde_gpu,dpmpp_2m,dpmpp_2m_sde,dpmpp_2m_sde_gpu,dpmpp_3m_sde,dpmpp_3m_sde_gpu,ddim,uni_pc,uni_pc_bh2"
    ],
    [
      59,
      36,
      0,
      17,
      8,
      "normal,karras,exponential,sgm_uniform,simple,ddim_uniform"
    ],
    [
      60,
      39,
      0,
      6,
      1,
      "STRING"
    ],
    [
      61,
      40,
      0,
      7,
      1,
      "STRING"
    ],
    [
      62,
      37,
      0,
      17,
      0,
      "MODEL"
    ],
    [
      63,
      37,
      1,
      41,
      0,
      "CLIP"
    ],
    [
      64,
      37,
      1,
      42,
      0,
      "CLIP"
    ],
    [
      65,
      39,
      0,
      41,
      1,
      "STRING"
    ],
    [
      66,
      40,
      0,
      42,
      1,
      "STRING"
    ],
    [
      67,
      41,
      0,
      17,
      1,
      "CONDITIONING"
    ],
    [
      68,
      42,
      0,
      17,
      2,
      "CONDITIONING"
    ],
    [
      69,
      18,
      0,
      43,
      0,
      "IMAGE"
    ],
    [
      70,
      8,
      0,
      44,
      0,
      "IMAGE"
    ]
  ],
  "groups": [],
  "config": {},
  "extra": {},
  "version": 0.4
}