{
  "last_node_id": 34,
  "last_link_id": 55,
  "nodes": [
    {
      "id": 7,
      "type": "CLIPTextEncode",
      "pos": [
        180,
        700
      ],
      "size": {
        "0": 370,
        "1": 160
      },
      "flags": {},
      "order": 7,
      "mode": 0,
      "inputs": [
        {
          "name": "clip",
          "type": "CLIP",
          "link": 5
        }
      ],
      "outputs": [
        {
          "name": "CONDITIONING",
          "type": "CONDITIONING",
          "links": [
            6,
            22,
            30,
            53
          ],
          "slot_index": 0
        }
      ],
      "title": "CLIP Text Encode (Negative)",
      "properties": {
        "Node name for S&R": "CLIPTextEncode"
      },
      "widgets_values": [
        "blurry, illustration"
      ],
      "color": "#322",
      "bgcolor": "#533"
    },
    {
      "id": 17,
      "type": "KSampler",
      "pos": [
        870,
        680
      ],
      "size": {
        "0": 250,
        "1": 230
      },
      "flags": {},
      "order": 9,
      "mode": 0,
      "inputs": [
        {
          "name": "model",
          "type": "MODEL",
          "link": 20
        },
        {
          "name": "positive",
          "type": "CONDITIONING",
          "link": 21
        },
        {
          "name": "negative",
          "type": "CONDITIONING",
          "link": 22
        },
        {
          "name": "latent_image",
          "type": "LATENT",
          "link": 32
        },
        {
          "name": "seed",
          "type": "INT",
          "link": 41,
          "widget": {
            "name": "seed",
            "config": [
              "INT",
              {
                "default": 0,
                "min": 0,
                "max": 18446744073709552000
              }
            ]
          }
        },
        {
          "name": "steps",
          "type": "INT",
          "link": 45,
          "widget": {
            "name": "steps",
            "config": [
              "INT",
              {
                "default": 20,
                "min": 1,
                "max": 10000
              }
            ]
          }
        },
        {
          "name": "cfg",
          "type": "FLOAT",
          "link": 50,
          "widget": {
            "name": "cfg",
            "config": [
              "FLOAT",
              {
                "default": 8,
                "min": 0,
                "max": 100
              }
            ]
          }
        }
      ],
      "outputs": [
        {
          "name": "LATENT",
          "type": "LATENT",
          "links": [
            23
          ],
          "slot_index": 0
        }
      ],
      "properties": {
        "Node name for S&R": "KSampler"
      },
      "widgets_values": [
        2001,
        "fixed",
        20,
        6,
        "euler_ancestral",
        "normal",
        1
      ]
    },
    {
      "id": 21,
      "type": "KSampler",
      "pos": [
        870,
        950
      ],
      "size": {
        "0": 250,
        "1": 230
      },
      "flags": {},
      "order": 10,
      "mode": 0,
      "inputs": [
        {
          "name": "model",
          "type": "MODEL",
          "link": 29
        },
        {
          "name": "positive",
          "type": "CONDITIONING",
          "link": 31
        },
        {
          "name": "negative",
          "type": "CONDITIONING",
          "link": 30
        },
        {
          "name": "latent_image",
          "type": "LATENT",
          "link": 33
        },
        {
          "name": "seed",
          "type": "INT",
          "link": 42,
          "widget": {
            "name": "seed",
            "config": [
              "INT",
              {
                "default": 0,
                "min": 0,
                "max": 18446744073709552000
              }
            ]
          }
        },
        {
          "name": "steps",
          "type": "INT",
          "link": 47,
          "widget": {
            "name": "steps",
            "config": [
              "INT",
              {
                "default": 20,
                "min": 1,
                "max": 10000
              }
            ]
          }
        },
        {
          "name": "cfg",
          "type": "FLOAT",
          "link": 49,
          "widget": {
            "name": "cfg",
            "config": [
              "FLOAT",
              {
                "default": 8,
                "min": 0,
                "max": 100
              }
            ]
          }
        }
      ],
      "outputs": [
        {
          "name": "LATENT",
          "type": "LATENT",
          "links": [
            26
          ],
          "slot_index": 0
        }
      ],
      "properties": {
        "Node name for S&R": "KSampler"
      },
      "widgets_values": [
        2001,
        "fixed",
        20,
        6,
        "dpmpp_2m",
        "karras",
        1
      ]
    },
    {
      "id": 28,
      "type": "KSampler",
      "pos": [
        870,
        1220
      ],
      "size": {
        "0": 250,
        "1": 230
      },
      "flags": {},
      "order": 11,
      "mode": 0,
      "inputs": [
        {
          "name": "model",
          "type": "MODEL",
          "link": 55
        },
        {
          "name": "positive",
          "type": "CONDITIONING",
          "link": 54
        },
        {
          "name": "negative",
          "type": "CONDITIONING",
          "link": 53
        },
        {
          "name": "latent_image",
          "type": "LATENT",
          "link": 52
        },
        {
          "name": "seed",
          "type": "INT",
          "link": 43,
          "widget": {
            "name": "seed",
            "config": [
              "INT",
              {
                "default": 0,
                "min": 0,
                "max": 18446744073709552000
              }
            ]
          }
        },
        {
          "name": "steps",
          "type": "INT",
          "link": 46,
          "widget": {
            "name": "steps",
            "config": [
              "INT",
              {
                "default": 20,
                "min": 1,
                "max": 10000
              }
            ]
          }
        },
        {
          "name": "cfg",
          "type": "FLOAT",
          "link": 48,
          "widget": {
            "name": "cfg",
            "config": [
              "FLOAT",
              {
                "default": 8,
                "min": 0,
                "max": 100
              }
            ]
          }
        }
      ],
      "outputs": [
        {
          "name": "LATENT",
          "type": "LATENT",
          "links": [
            36
          ],
          "slot_index": 0
        }
      ],
      "properties": {
        "Node name for S&R": "KSampler"
      },
      "widgets_values": [
        2001,
        "fixed",
        20,
        6,
        "dpmpp_3m_sde",
        "exponential",
        1
      ]
    },
    {
      "id": 11,
      "type": "VAELoader",
      "pos": [
        820,
        1490
      ],
      "size": {
        "0": 300,
        "1": 60
      },
      "flags": {},
      "order": 0,
      "mode": 0,
      "outputs": [
        {
          "name": "VAE",
          "type": "VAE",
          "links": [
            12,
            24,
            28,
            39
          ],
          "shape": 3,
          "slot_index": 0
        }
      ],
      "properties": {
        "Node name for S&R": "VAELoader"
      },
      "widgets_values": [
        "vae-ft-mse-840000-ema-pruned.safetensors"
      ]
    },
    {
      "id": 3,
      "type": "KSampler",
      "pos": [
        870,
        410
      ],
      "size": {
        "0": 250,
        "1": 230
      },
      "flags": {},
      "order": 8,
      "mode": 0,
      "inputs": [
        {
          "name": "model",
          "type": "MODEL",
          "link": 1
        },
        {
          "name": "positive",
          "type": "CONDITIONING",
          "link": 4
        },
        {
          "name": "negative",
          "type": "CONDITIONING",
          "link": 6
        },
        {
          "name": "latent_image",
          "type": "LATENT",
          "link": 2
        },
        {
          "name": "seed",
          "type": "INT",
          "link": 40,
          "widget": {
            "name": "seed",
            "config": [
              "INT",
              {
                "default": 0,
                "min": 0,
                "max": 18446744073709552000
              }
            ]
          }
        },
        {
          "name": "steps",
          "type": "INT",
          "link": 44,
          "widget": {
            "name": "steps",
            "config": [
              "INT",
              {
                "default": 20,
                "min": 1,
                "max": 10000
              }
            ]
          }
        },
        {
          "name": "cfg",
          "type": "FLOAT",
          "link": 51,
          "widget": {
            "name": "cfg",
            "config": [
              "FLOAT",
              {
                "default": 8,
                "min": 0,
                "max": 100
              }
            ]
          }
        }
      ],
      "outputs": [
        {
          "name": "LATENT",
          "type": "LATENT",
          "links": [
            7
          ],
          "slot_index": 0
        }
      ],
      "properties": {
        "Node name for S&R": "KSampler"
      },
      "widgets_values": [
        2001,
        "fixed",
        20,
        6,
        "euler",
        "normal",
        1
      ]
    },
    {
      "id": 31,
      "type": "PreviewImage",
      "pos": [
        1890,
        970
      ],
      "size": {
        "0": 400,
        "1": 410
      },
      "flags": {},
      "order": 19,
      "mode": 0,
      "inputs": [
        {
          "name": "images",
          "type": "IMAGE",
          "link": 38
        }
      ],
      "properties": {
        "Node name for S&R": "PreviewImage"
      },
      "color": "#2a363b",
      "bgcolor": "#3f5159"
    },
    {
      "id": 27,
      "type": "PreviewImage",
      "pos": [
        1460,
        970
      ],
      "size": {
        "0": 400,
        "1": 410
      },
      "flags": {},
      "order": 18,
      "mode": 0,
      "inputs": [
        {
          "name": "images",
          "type": "IMAGE",
          "link": 35
        }
      ],
      "properties": {
        "Node name for S&R": "PreviewImage"
      },
      "color": "#2a363b",
      "bgcolor": "#3f5159"
    },
    {
      "id": 26,
      "type": "PreviewImage",
      "pos": [
        1890,
        500
      ],
      "size": {
        "0": 400,
        "1": 410
      },
      "flags": {},
      "order": 17,
      "mode": 0,
      "inputs": [
        {
          "name": "images",
          "type": "IMAGE",
          "link": 34
        }
      ],
      "properties": {
        "Node name for S&R": "PreviewImage"
      },
      "color": "#2a363b",
      "bgcolor": "#3f5159"
    },
    {
      "id": 15,
      "type": "PreviewImage",
      "pos": [
        1460,
        500
      ],
      "size": {
        "0": 400,
        "1": 410
      },
      "flags": {},
      "order": 16,
      "mode": 0,
      "inputs": [
        {
          "name": "images",
          "type": "IMAGE",
          "link": 17
        }
      ],
      "properties": {
        "Node name for S&R": "PreviewImage"
      },
      "color": "#2a363b",
      "bgcolor": "#3f5159"
    },
    {
      "id": 8,
      "type": "VAEDecode",
      "pos": [
        1230,
        410
      ],
      "size": {
        "0": 140,
        "1": 60
      },
      "flags": {},
      "order": 12,
      "mode": 0,
      "inputs": [
        {
          "name": "samples",
          "type": "LATENT",
          "link": 7
        },
        {
          "name": "vae",
          "type": "VAE",
          "link": 12
        }
      ],
      "outputs": [
        {
          "name": "IMAGE",
          "type": "IMAGE",
          "links": [
            17
          ],
          "slot_index": 0
        }
      ],
      "properties": {
        "Node name for S&R": "VAEDecode"
      }
    },
    {
      "id": 18,
      "type": "VAEDecode",
      "pos": [
        1230,
        680
      ],
      "size": {
        "0": 140,
        "1": 60
      },
      "flags": {},
      "order": 13,
      "mode": 0,
      "inputs": [
        {
          "name": "samples",
          "type": "LATENT",
          "link": 23
        },
        {
          "name": "vae",
          "type": "VAE",
          "link": 24
        }
      ],
      "outputs": [
        {
          "name": "IMAGE",
          "type": "IMAGE",
          "links": [
            34
          ],
          "slot_index": 0
        }
      ],
      "properties": {
        "Node name for S&R": "VAEDecode"
      }
    },
    {
      "id": 22,
      "type": "VAEDecode",
      "pos": [
        1230,
        950
      ],
      "size": {
        "0": 140,
        "1": 60
      },
      "flags": {},
      "order": 14,
      "mode": 0,
      "inputs": [
        {
          "name": "samples",
          "type": "LATENT",
          "link": 26
        },
        {
          "name": "vae",
          "type": "VAE",
          "link": 28
        }
      ],
      "outputs": [
        {
          "name": "IMAGE",
          "type": "IMAGE",
          "links": [
            35
          ],
          "slot_index": 0
        }
      ],
      "properties": {
        "Node name for S&R": "VAEDecode"
      }
    },
    {
      "id": 29,
      "type": "VAEDecode",
      "pos": [
        1230,
        1220
      ],
      "size": {
        "0": 140,
        "1": 60
      },
      "flags": {},
      "order": 15,
      "mode": 0,
      "inputs": [
        {
          "name": "samples",
          "type": "LATENT",
          "link": 36
        },
        {
          "name": "vae",
          "type": "VAE",
          "link": 39
        }
      ],
      "outputs": [
        {
          "name": "IMAGE",
          "type": "IMAGE",
          "links": [
            38
          ],
          "slot_index": 0
        }
      ],
      "properties": {
        "Node name for S&R": "VAEDecode"
      }
    },
    {
      "id": 6,
      "type": "CLIPTextEncode",
      "pos": [
        180,
        500
      ],
      "size": {
        "0": 370,
        "1": 160
      },
      "flags": {},
      "order": 6,
      "mode": 0,
      "inputs": [
        {
          "name": "clip",
          "type": "CLIP",
          "link": 3
        }
      ],
      "outputs": [
        {
          "name": "CONDITIONING",
          "type": "CONDITIONING",
          "links": [
            4,
            21,
            31,
            54
          ],
          "slot_index": 0
        }
      ],
      "title": "CLIP Text Encode (Positive)",
      "properties": {
        "Node name for S&R": "CLIPTextEncode"
      },
      "widgets_values": [
        "a photo of a cat wearing a spacesuit inside a spaceship\n\nhigh resolution, detailed, 4k"
      ],
      "color": "#232",
      "bgcolor": "#353"
    },
    {
      "id": 4,
      "type": "CheckpointLoaderSimple",
      "pos": [
        -260,
        620
      ],
      "size": {
        "0": 340,
        "1": 100
      },
      "flags": {},
      "order": 1,
      "mode": 0,
      "outputs": [
        {
          "name": "MODEL",
          "type": "MODEL",
          "links": [
            1,
            20,
            29,
            55
          ],
          "slot_index": 0
        },
        {
          "name": "CLIP",
          "type": "CLIP",
          "links": [
            3,
            5
          ],
          "slot_index": 1
        },
        {
          "name": "VAE",
          "type": "VAE",
          "links": [],
          "slot_index": 2
        }
      ],
      "properties": {
        "Node name for S&R": "CheckpointLoaderSimple"
      },
      "widgets_values": [
        "v1-5-pruned-emaonly.safetensors"
      ]
    },
    {
      "id": 5,
      "type": "EmptyLatentImage",
      "pos": [
        340,
        900
      ],
      "size": {
        "0": 210,
        "1": 110
      },
      "flags": {},
      "order": 2,
      "mode": 0,
      "outputs": [
        {
          "name": "LATENT",
          "type": "LATENT",
          "links": [
            2,
            32,
            33,
            52
          ],
          "slot_index": 0
        }
      ],
      "properties": {
        "Node name for S&R": "EmptyLatentImage"
      },
      "widgets_values": [
        512,
        512,
        1
      ],
      "color": "#323",
      "bgcolor": "#535"
    },
    {
      "id": 32,
      "type": "PrimitiveNode",
      "pos": [
        340,
        1050
      ],
      "size": {
        "0": 210,
        "1": 82
      },
      "flags": {},
      "order": 3,
      "mode": 0,
      "outputs": [
        {
          "name": "INT",
          "type": "INT",
          "links": [
            40,
            41,
            42,
            43
          ],
          "slot_index": 0,
          "widget": {
            "name": "seed",
            "config": [
              "INT",
              {
                "default": 0,
                "min": 0,
                "max": 18446744073709552000
              }
            ]
          }
        }
      ],
      "title": "Seed",
      "properties": {},
      "widgets_values": [
        2001,
        "fixed"
      ]
    },
    {
      "id": 34,
      "type": "PrimitiveNode",
      "pos": [
        340,
        1290
      ],
      "size": {
        "0": 210,
        "1": 82
      },
      "flags": {},
      "order": 4,
      "mode": 0,
      "outputs": [
        {
          "name": "FLOAT",
          "type": "FLOAT",
          "links": [
            48,
            49,
            50,
            51
          ],
          "slot_index": 0,
          "widget": {
            "name": "cfg",
            "config": [
              "FLOAT",
              {
                "default": 8,
                "min": 0,
                "max": 100
              }
            ]
          }
        }
      ],
      "title": "CFG",
      "properties": {},
      "widgets_values": [
        6,
        "fixed"
      ]
    },
    {
      "id": 33,
      "type": "PrimitiveNode",
      "pos": [
        340,
        1170
      ],
      "size": {
        "0": 210,
        "1": 82
      },
      "flags": {},
      "order": 5,
      "mode": 0,
      "outputs": [
        {
          "name": "INT",
          "type": "INT",
          "links": [
            44,
            45,
            46,
            47
          ],
          "slot_index": 0,
          "widget": {
            "name": "steps",
            "config": [
              "INT",
              {
                "default": 20,
                "min": 1,
                "max": 10000
              }
            ]
          }
        }
      ],
      "title": "Steps",
      "properties": {},
      "widgets_values": [
        20,
        "fixed"
      ]
    }
  ],
  "links": [
    [
      1,
      4,
      0,
      3,
      0,
      "MODEL"
    ],
    [
      2,
      5,
      0,
      3,
      3,
      "LATENT"
    ],
    [
      3,
      4,
      1,
      6,
      0,
      "CLIP"
    ],
    [
      4,
      6,
      0,
      3,
      1,
      "CONDITIONING"
    ],
    [
      5,
      4,
      1,
      7,
      0,
      "CLIP"
    ],
    [
      6,
      7,
      0,
      3,
      2,
      "CONDITIONING"
    ],
    [
      7,
      3,
      0,
      8,
      0,
      "LATENT"
    ],
    [
      12,
      11,
      0,
      8,
      1,
      "VAE"
    ],
    [
      17,
      8,
      0,
      15,
      0,
      "IMAGE"
    ],
    [
      20,
      4,
      0,
      17,
      0,
      "MODEL"
    ],
    [
      21,
      6,
      0,
      17,
      1,
      "CONDITIONING"
    ],
    [
      22,
      7,
      0,
      17,
      2,
      "CONDITIONING"
    ],
    [
      23,
      17,
      0,
      18,
      0,
      "LATENT"
    ],
    [
      24,
      11,
      0,
      18,
      1,
      "VAE"
    ],
    [
      26,
      21,
      0,
      22,
      0,
      "LATENT"
    ],
    [
      28,
      11,
      0,
      22,
      1,
      "VAE"
    ],
    [
      29,
      4,
      0,
      21,
      0,
      "MODEL"
    ],
    [
      30,
      7,
      0,
      21,
      2,
      "CONDITIONING"
    ],
    [
      31,
      6,
      0,
      21,
      1,
      "CONDITIONING"
    ],
    [
      32,
      5,
      0,
      17,
      3,
      "LATENT"
    ],
    [
      33,
      5,
      0,
      21,
      3,
      "LATENT"
    ],
    [
      34,
      18,
      0,
      26,
      0,
      "IMAGE"
    ],
    [
      35,
      22,
      0,
      27,
      0,
      "IMAGE"
    ],
    [
      36,
      28,
      0,
      29,
      0,
      "LATENT"
    ],
    [
      38,
      29,
      0,
      31,
      0,
      "IMAGE"
    ],
    [
      39,
      11,
      0,
      29,
      1,
      "VAE"
    ],
    [
      40,
      32,
      0,
      3,
      4,
      "INT"
    ],
    [
      41,
      32,
      0,
      17,
      4,
      "INT"
    ],
    [
      42,
      32,
      0,
      21,
      4,
      "INT"
    ],
    [
      43,
      32,
      0,
      28,
      4,
      "INT"
    ],
    [
      44,
      33,
      0,
      3,
      5,
      "INT"
    ],
    [
      45,
      33,
      0,
      17,
      5,
      "INT"
    ],
    [
      46,
      33,
      0,
      28,
      5,
      "INT"
    ],
    [
      47,
      33,
      0,
      21,
      5,
      "INT"
    ],
    [
      48,
      34,
      0,
      28,
      6,
      "FLOAT"
    ],
    [
      49,
      34,
      0,
      21,
      6,
      "FLOAT"
    ],
    [
      50,
      34,
      0,
      17,
      6,
      "FLOAT"
    ],
    [
      51,
      34,
      0,
      3,
      6,
      "FLOAT"
    ],
    [
      52,
      5,
      0,
      28,
      3,
      "LATENT"
    ],
    [
      53,
      7,
      0,
      28,
      2,
      "CONDITIONING"
    ],
    [
      54,
      6,
      0,
      28,
      1,
      "CONDITIONING"
    ],
    [
      55,
      4,
      0,
      28,
      0,
      "MODEL"
    ]
  ],
  "groups": [],
  "config": {},
  "extra": {},
  "version": 0.4
}