{
  "last_node_id": 38,
  "last_link_id": 151,
  "nodes": [
    {
      "id": 7,
      "type": "CLIPTextEncode",
      "pos": [
        430,
        440
      ],
      "size": {
        "0": 370,
        "1": 160
      },
      "flags": {},
      "order": 4,
      "mode": 0,
      "inputs": [
        {
          "name": "clip",
          "type": "CLIP",
          "link": 5
        }
      ],
      "outputs": [
        {
          "name": "CONDITIONING",
          "type": "CONDITIONING",
          "links": [
            6
          ],
          "slot_index": 0
        }
      ],
      "title": "CLIP Text Encode (Negative)",
      "properties": {
        "Node name for S&R": "CLIPTextEncode"
      },
      "widgets_values": [
        "blurry, photography, distorted"
      ],
      "color": "#322",
      "bgcolor": "#533"
    },
    {
      "id": 8,
      "type": "VAEDecode",
      "pos": [
        1230,
        360
      ],
      "size": {
        "0": 140,
        "1": 50
      },
      "flags": {},
      "order": 9,
      "mode": 0,
      "inputs": [
        {
          "name": "samples",
          "type": "LATENT",
          "link": 7
        },
        {
          "name": "vae",
          "type": "VAE",
          "link": 12
        }
      ],
      "outputs": [
        {
          "name": "IMAGE",
          "type": "IMAGE",
          "links": [
            137
          ],
          "slot_index": 0
        }
      ],
      "properties": {
        "Node name for S&R": "VAEDecode"
      }
    },
    {
      "id": 11,
      "type": "VAELoader",
      "pos": [
        880,
        670
      ],
      "size": {
        "0": 300,
        "1": 60
      },
      "flags": {},
      "order": 0,
      "mode": 0,
      "outputs": [
        {
          "name": "VAE",
          "type": "VAE",
          "links": [
            12
          ],
          "shape": 3,
          "slot_index": 0
        }
      ],
      "properties": {
        "Node name for S&R": "VAELoader"
      },
      "widgets_values": [
        "vae-ft-mse-840000-ema-pruned.safetensors"
      ]
    },
    {
      "id": 3,
      "type": "KSampler",
      "pos": [
        880,
        360
      ],
      "size": {
        "0": 300,
        "1": 262
      },
      "flags": {},
      "order": 8,
      "mode": 0,
      "inputs": [
        {
          "name": "model",
          "type": "MODEL",
          "link": 1
        },
        {
          "name": "positive",
          "type": "CONDITIONING",
          "link": 150
        },
        {
          "name": "negative",
          "type": "CONDITIONING",
          "link": 6
        },
        {
          "name": "latent_image",
          "type": "LATENT",
          "link": 2
        }
      ],
      "outputs": [
        {
          "name": "LATENT",
          "type": "LATENT",
          "links": [
            7
          ],
          "slot_index": 0
        }
      ],
      "properties": {
        "Node name for S&R": "KSampler"
      },
      "widgets_values": [
        2031,
        "fixed",
        17,
        6,
        "dpmpp_2m_sde_gpu",
        "exponential",
        1
      ]
    },
    {
      "id": 4,
      "type": "CheckpointLoaderSimple",
      "pos": [
        30,
        360
      ],
      "size": {
        "0": 330,
        "1": 100
      },
      "flags": {},
      "order": 1,
      "mode": 0,
      "outputs": [
        {
          "name": "MODEL",
          "type": "MODEL",
          "links": [
            1
          ],
          "slot_index": 0
        },
        {
          "name": "CLIP",
          "type": "CLIP",
          "links": [
            5,
            25,
            143,
            147
          ],
          "slot_index": 1
        },
        {
          "name": "VAE",
          "type": "VAE",
          "links": [],
          "slot_index": 2
        }
      ],
      "properties": {
        "Node name for S&R": "CheckpointLoaderSimple"
      },
      "widgets_values": [
        "dreamshaper_8.safetensors"
      ]
    },
    {
      "id": 18,
      "type": "CLIPTextEncode",
      "pos": [
        430,
        230
      ],
      "size": {
        "0": 370,
        "1": 140
      },
      "flags": {},
      "order": 5,
      "mode": 0,
      "inputs": [
        {
          "name": "clip",
          "type": "CLIP",
          "link": 25
        }
      ],
      "outputs": [
        {
          "name": "CONDITIONING",
          "type": "CONDITIONING",
          "links": [
            142
          ],
          "slot_index": 0
        }
      ],
      "title": "CLIP Text Encode (Positive)",
      "properties": {
        "Node name for S&R": "CLIPTextEncode"
      },
      "widgets_values": [
        "high quality illustration of red riding hood hugging the wolf in the forest"
      ],
      "color": "#232",
      "bgcolor": "#353"
    },
    {
      "id": 36,
      "type": "GLIGENTextBoxApply",
      "pos": [
        1190,
        70
      ],
      "size": {
        "0": 280,
        "1": 212
      },
      "flags": {},
      "order": 7,
      "mode": 0,
      "inputs": [
        {
          "name": "conditioning_to",
          "type": "CONDITIONING",
          "link": 145
        },
        {
          "name": "clip",
          "type": "CLIP",
          "link": 147
        },
        {
          "name": "gligen_textbox_model",
          "type": "GLIGEN",
          "link": 148
        }
      ],
      "outputs": [
        {
          "name": "CONDITIONING",
          "type": "CONDITIONING",
          "links": [
            150
          ],
          "shape": 3,
          "slot_index": 0
        }
      ],
      "properties": {
        "Node name for S&R": "GLIGENTextBoxApply"
      },
      "widgets_values": [
        "wolf",
        256,
        448,
        216,
        32
      ],
      "color": "#432",
      "bgcolor": "#653"
    },
    {
      "id": 35,
      "type": "GLIGENTextBoxApply",
      "pos": [
        870,
        70
      ],
      "size": [
        280,
        212
      ],
      "flags": {},
      "order": 6,
      "mode": 0,
      "inputs": [
        {
          "name": "conditioning_to",
          "type": "CONDITIONING",
          "link": 142
        },
        {
          "name": "clip",
          "type": "CLIP",
          "link": 143
        },
        {
          "name": "gligen_textbox_model",
          "type": "GLIGEN",
          "link": 139
        }
      ],
      "outputs": [
        {
          "name": "CONDITIONING",
          "type": "CONDITIONING",
          "links": [
            145
          ],
          "shape": 3,
          "slot_index": 0
        }
      ],
      "properties": {
        "Node name for S&R": "GLIGENTextBoxApply"
      },
      "widgets_values": [
        "red riding hood",
        256,
        496,
        72,
        8
      ],
      "color": "#432",
      "bgcolor": "#653"
    },
    {
      "id": 34,
      "type": "GLIGENLoader",
      "pos": [
        490,
        70
      ],
      "size": [
        310,
        60
      ],
      "flags": {},
      "order": 2,
      "mode": 0,
      "outputs": [
        {
          "name": "GLIGEN",
          "type": "GLIGEN",
          "links": [
            139,
            148
          ],
          "shape": 3,
          "slot_index": 0
        }
      ],
      "properties": {
        "Node name for S&R": "GLIGENLoader"
      },
      "widgets_values": [
        "gligen_sd14_textbox_pruned.safetensors"
      ]
    },
    {
      "id": 5,
      "type": "EmptyLatentImage",
      "pos": [
        580,
        650
      ],
      "size": {
        "0": 220,
        "1": 106
      },
      "flags": {},
      "order": 3,
      "mode": 0,
      "outputs": [
        {
          "name": "LATENT",
          "type": "LATENT",
          "links": [
            2
          ],
          "slot_index": 0
        }
      ],
      "properties": {
        "Node name for S&R": "EmptyLatentImage"
      },
      "widgets_values": [
        512,
        512,
        1
      ]
    },
    {
      "id": 33,
      "type": "PreviewImage",
      "pos": [
        1400,
        360
      ],
      "size": [
        380,
        410
      ],
      "flags": {},
      "order": 10,
      "mode": 0,
      "inputs": [
        {
          "name": "images",
          "type": "IMAGE",
          "link": 137
        }
      ],
      "properties": {
        "Node name for S&R": "PreviewImage"
      }
    }
  ],
  "links": [
    [
      1,
      4,
      0,
      3,
      0,
      "MODEL"
    ],
    [
      2,
      5,
      0,
      3,
      3,
      "LATENT"
    ],
    [
      5,
      4,
      1,
      7,
      0,
      "CLIP"
    ],
    [
      6,
      7,
      0,
      3,
      2,
      "CONDITIONING"
    ],
    [
      7,
      3,
      0,
      8,
      0,
      "LATENT"
    ],
    [
      12,
      11,
      0,
      8,
      1,
      "VAE"
    ],
    [
      25,
      4,
      1,
      18,
      0,
      "CLIP"
    ],
    [
      137,
      8,
      0,
      33,
      0,
      "IMAGE"
    ],
    [
      139,
      34,
      0,
      35,
      2,
      "GLIGEN"
    ],
    [
      142,
      18,
      0,
      35,
      0,
      "CONDITIONING"
    ],
    [
      143,
      4,
      1,
      35,
      1,
      "CLIP"
    ],
    [
      145,
      35,
      0,
      36,
      0,
      "CONDITIONING"
    ],
    [
      147,
      4,
      1,
      36,
      1,
      "CLIP"
    ],
    [
      148,
      34,
      0,
      36,
      2,
      "GLIGEN"
    ],
    [
      150,
      36,
      0,
      3,
      1,
      "CONDITIONING"
    ]
  ],
  "groups": [],
  "config": {},
  "extra": {},
  "version": 0.4
}