{
  "last_node_id": 48,
  "last_link_id": 87,
  "nodes": [
    {
      "id": 8,
      "type": "VAEDecode",
      "pos": [
        1290,
        710
      ],
      "size": {
        "0": 140,
        "1": 60
      },
      "flags": {},
      "order": 17,
      "mode": 0,
      "inputs": [
        {
          "name": "samples",
          "type": "LATENT",
          "link": 62
        },
        {
          "name": "vae",
          "type": "VAE",
          "link": 61
        }
      ],
      "outputs": [
        {
          "name": "IMAGE",
          "type": "IMAGE",
          "links": [
            9
          ],
          "slot_index": 0
        }
      ],
      "properties": {
        "Node name for S&R": "VAEDecode"
      }
    },
    {
      "id": 23,
      "type": "PrimitiveNode",
      "pos": [
        30,
        750
      ],
      "size": {
        "0": 320,
        "1": 150
      },
      "flags": {},
      "order": 0,
      "mode": 0,
      "outputs": [
        {
          "name": "STRING",
          "type": "STRING",
          "links": [
            22,
            49
          ],
          "slot_index": 0,
          "widget": {
            "name": "text_g",
            "config": [
              "STRING",
              {
                "multiline": true,
                "default": "CLIP_G"
              }
            ]
          }
        }
      ],
      "title": "Prompt: Negative",
      "properties": {},
      "widgets_values": [
        "blurry, illustration, rendering, horror, earrings"
      ],
      "color": "#322",
      "bgcolor": "#533"
    },
    {
      "id": 9,
      "type": "SaveImage",
      "pos": [
        1290,
        820
      ],
      "size": {
        "0": 400,
        "1": 450
      },
      "flags": {},
      "order": 18,
      "mode": 0,
      "inputs": [
        {
          "name": "images",
          "type": "IMAGE",
          "link": 9
        }
      ],
      "properties": {},
      "widgets_values": [
        "SDXL"
      ]
    },
    {
      "id": 16,
      "type": "CLIPTextEncodeSDXL",
      "pos": [
        460,
        590
      ],
      "size": {
        "0": 210,
        "1": 220
      },
      "flags": {},
      "order": 7,
      "mode": 0,
      "inputs": [
        {
          "name": "clip",
          "type": "CLIP",
          "link": 18
        },
        {
          "name": "text_g",
          "type": "STRING",
          "link": 20,
          "widget": {
            "name": "text_g",
            "config": [
              "STRING",
              {
                "multiline": true,
                "default": "CLIP_G"
              }
            ]
          }
        },
        {
          "name": "text_l",
          "type": "STRING",
          "link": 50,
          "widget": {
            "name": "text_l",
            "config": [
              "STRING",
              {
                "multiline": true,
                "default": "CLIP_L"
              }
            ]
          }
        }
      ],
      "outputs": [
        {
          "name": "CONDITIONING",
          "type": "CONDITIONING",
          "links": [
            67
          ],
          "shape": 3,
          "slot_index": 0
        }
      ],
      "properties": {
        "Node name for S&R": "CLIPTextEncodeSDXL"
      },
      "widgets_values": [
        4096,
        4096,
        0,
        0,
        4096,
        4096,
        "a closeup professional photo of an African-american woman\n\nhigh resolution, highly detailed, 4k, diffuse lighting",
        "a closeup professional photo of an African-american woman\n\nhigh resolution, highly detailed, 4k, diffuse lighting"
      ],
      "color": "#432",
      "bgcolor": "#653"
    },
    {
      "id": 39,
      "type": "CLIPTextEncodeSDXL",
      "pos": [
        460,
        320
      ],
      "size": {
        "0": 210,
        "1": 220
      },
      "flags": {},
      "order": 9,
      "mode": 0,
      "inputs": [
        {
          "name": "clip",
          "type": "CLIP",
          "link": 63
        },
        {
          "name": "text_g",
          "type": "STRING",
          "link": 70,
          "widget": {
            "name": "text_g",
            "config": [
              "STRING",
              {
                "multiline": true,
                "default": "CLIP_G"
              }
            ]
          }
        },
        {
          "name": "text_l",
          "type": "STRING",
          "link": 71,
          "widget": {
            "name": "text_l",
            "config": [
              "STRING",
              {
                "multiline": true,
                "default": "CLIP_L"
              }
            ]
          }
        }
      ],
      "outputs": [
        {
          "name": "CONDITIONING",
          "type": "CONDITIONING",
          "links": [
            65
          ],
          "shape": 3,
          "slot_index": 0
        }
      ],
      "properties": {
        "Node name for S&R": "CLIPTextEncodeSDXL"
      },
      "widgets_values": [
        4096,
        4096,
        0,
        0,
        4096,
        4096,
        "a closeup professional photo of a Japanese woman\n\nhigh resolution, highly detailed, 4k, diffuse lighting",
        "a closeup professional photo of a Japanese woman\n\nhigh resolution, highly detailed, 4k, diffuse lighting"
      ],
      "color": "#432",
      "bgcolor": "#653"
    },
    {
      "id": 46,
      "type": "CLIPTextEncodeSDXL",
      "pos": [
        460,
        50
      ],
      "size": {
        "0": 210,
        "1": 220
      },
      "flags": {},
      "order": 10,
      "mode": 0,
      "inputs": [
        {
          "name": "clip",
          "type": "CLIP",
          "link": 87
        },
        {
          "name": "text_g",
          "type": "STRING",
          "link": 82,
          "widget": {
            "name": "text_g",
            "config": [
              "STRING",
              {
                "multiline": true,
                "default": "CLIP_G"
              }
            ]
          }
        },
        {
          "name": "text_l",
          "type": "STRING",
          "link": 83,
          "widget": {
            "name": "text_l",
            "config": [
              "STRING",
              {
                "multiline": true,
                "default": "CLIP_L"
              }
            ]
          }
        }
      ],
      "outputs": [
        {
          "name": "CONDITIONING",
          "type": "CONDITIONING",
          "links": [
            81
          ],
          "shape": 3,
          "slot_index": 0
        }
      ],
      "properties": {
        "Node name for S&R": "CLIPTextEncodeSDXL"
      },
      "widgets_values": [
        4096,
        4096,
        0,
        0,
        4096,
        4096,
        "a closeup professional photo of a freckled woman\n\nhigh resolution, highly detailed, 4k, diffuse lighting",
        "a closeup professional photo of a freckled woman\n\nhigh resolution, highly detailed, 4k, diffuse lighting"
      ],
      "color": "#432",
      "bgcolor": "#653"
    },
    {
      "id": 21,
      "type": "PrimitiveNode",
      "pos": [
        30,
        570
      ],
      "size": {
        "0": 320,
        "1": 140
      },
      "flags": {},
      "order": 1,
      "mode": 0,
      "outputs": [
        {
          "name": "STRING",
          "type": "STRING",
          "links": [
            20,
            50
          ],
          "slot_index": 0,
          "widget": {
            "name": "text_g",
            "config": [
              "STRING",
              {
                "multiline": true,
                "default": "CLIP_G"
              }
            ]
          }
        }
      ],
      "title": "Prompt: Main subject",
      "properties": {},
      "widgets_values": [
        "a closeup professional photo of an African-american woman\n\nhigh resolution, highly detailed, 4k, diffuse lighting"
      ],
      "color": "#232",
      "bgcolor": "#353"
    },
    {
      "id": 42,
      "type": "PrimitiveNode",
      "pos": [
        30,
        350
      ],
      "size": {
        "0": 320,
        "1": 140
      },
      "flags": {},
      "order": 2,
      "mode": 0,
      "outputs": [
        {
          "name": "STRING",
          "type": "STRING",
          "links": [
            70,
            71
          ],
          "slot_index": 0,
          "widget": {
            "name": "text_g",
            "config": [
              "STRING",
              {
                "multiline": true,
                "default": "CLIP_G"
              }
            ]
          }
        }
      ],
      "title": "Prompt: Main subject",
      "properties": {},
      "widgets_values": [
        "a closeup professional photo of a Japanese woman\n\nhigh resolution, highly detailed, 4k, diffuse lighting"
      ],
      "color": "#232",
      "bgcolor": "#353"
    },
    {
      "id": 45,
      "type": "ConditioningSetTimestepRange",
      "pos": [
        700,
        180
      ],
      "size": {
        "0": 240,
        "1": 82
      },
      "flags": {},
      "order": 13,
      "mode": 0,
      "inputs": [
        {
          "name": "conditioning",
          "type": "CONDITIONING",
          "link": 81
        }
      ],
      "outputs": [
        {
          "name": "CONDITIONING",
          "type": "CONDITIONING",
          "links": [
            84
          ],
          "shape": 3,
          "slot_index": 0
        }
      ],
      "properties": {
        "Node name for S&R": "ConditioningSetTimestepRange"
      },
      "widgets_values": [
        0.3,
        1
      ],
      "color": "#432",
      "bgcolor": "#653"
    },
    {
      "id": 37,
      "type": "VAELoader",
      "pos": [
        990,
        710
      ],
      "size": {
        "0": 260,
        "1": 60
      },
      "flags": {},
      "order": 3,
      "mode": 0,
      "outputs": [
        {
          "name": "VAE",
          "type": "VAE",
          "links": [
            61
          ],
          "shape": 3,
          "slot_index": 0
        }
      ],
      "properties": {
        "Node name for S&R": "VAELoader"
      },
      "widgets_values": [
        "sdxl_vae.safetensors"
      ]
    },
    {
      "id": 48,
      "type": "ConditioningCombine",
      "pos": [
        1240,
        450
      ],
      "size": {
        "0": 230,
        "1": 50
      },
      "flags": {},
      "order": 15,
      "mode": 0,
      "inputs": [
        {
          "name": "conditioning_1",
          "type": "CONDITIONING",
          "link": 84
        },
        {
          "name": "conditioning_2",
          "type": "CONDITIONING",
          "link": 85
        }
      ],
      "outputs": [
        {
          "name": "CONDITIONING",
          "type": "CONDITIONING",
          "links": [
            86
          ],
          "shape": 3,
          "slot_index": 0
        }
      ],
      "properties": {
        "Node name for S&R": "ConditioningCombine"
      },
      "color": "#432",
      "bgcolor": "#653"
    },
    {
      "id": 40,
      "type": "ConditioningCombine",
      "pos": [
        980,
        450
      ],
      "size": {
        "0": 230,
        "1": 50
      },
      "flags": {},
      "order": 14,
      "mode": 0,
      "inputs": [
        {
          "name": "conditioning_1",
          "type": "CONDITIONING",
          "link": 66
        },
        {
          "name": "conditioning_2",
          "type": "CONDITIONING",
          "link": 68
        }
      ],
      "outputs": [
        {
          "name": "CONDITIONING",
          "type": "CONDITIONING",
          "links": [
            85
          ],
          "shape": 3,
          "slot_index": 0
        }
      ],
      "properties": {
        "Node name for S&R": "ConditioningCombine"
      },
      "color": "#432",
      "bgcolor": "#653"
    },
    {
      "id": 14,
      "type": "CheckpointLoaderSimple",
      "pos": [
        30,
        950
      ],
      "size": {
        "0": 320,
        "1": 100
      },
      "flags": {},
      "order": 4,
      "mode": 0,
      "outputs": [
        {
          "name": "MODEL",
          "type": "MODEL",
          "links": [
            60
          ],
          "shape": 3,
          "slot_index": 0
        },
        {
          "name": "CLIP",
          "type": "CLIP",
          "links": [
            18,
            19,
            63,
            87
          ],
          "shape": 3,
          "slot_index": 1
        },
        {
          "name": "VAE",
          "type": "VAE",
          "links": null,
          "shape": 3
        }
      ],
      "title": "Load Checkpoint Base",
      "properties": {
        "Node name for S&R": "CheckpointLoaderSimple"
      },
      "widgets_values": [
        "sd_xl_base_1.0.safetensors"
      ]
    },
    {
      "id": 5,
      "type": "EmptyLatentImage",
      "pos": [
        140,
        1100
      ],
      "size": {
        "0": 210,
        "1": 110
      },
      "flags": {},
      "order": 5,
      "mode": 0,
      "outputs": [
        {
          "name": "LATENT",
          "type": "LATENT",
          "links": [
            59
          ],
          "slot_index": 0
        }
      ],
      "properties": {
        "Node name for S&R": "EmptyLatentImage"
      },
      "widgets_values": [
        1024,
        1024,
        1
      ],
      "color": "#323",
      "bgcolor": "#535"
    },
    {
      "id": 19,
      "type": "CLIPTextEncodeSDXL",
      "pos": [
        590,
        890
      ],
      "size": {
        "0": 220,
        "1": 220
      },
      "flags": {},
      "order": 8,
      "mode": 0,
      "inputs": [
        {
          "name": "clip",
          "type": "CLIP",
          "link": 19
        },
        {
          "name": "text_g",
          "type": "STRING",
          "link": 22,
          "widget": {
            "name": "text_g",
            "config": [
              "STRING",
              {
                "multiline": true,
                "default": "CLIP_G"
              }
            ]
          }
        },
        {
          "name": "text_l",
          "type": "STRING",
          "link": 49,
          "widget": {
            "name": "text_l",
            "config": [
              "STRING",
              {
                "multiline": true,
                "default": "CLIP_L"
              }
            ]
          }
        }
      ],
      "outputs": [
        {
          "name": "CONDITIONING",
          "type": "CONDITIONING",
          "links": [
            58
          ],
          "shape": 3,
          "slot_index": 0
        }
      ],
      "properties": {
        "Node name for S&R": "CLIPTextEncodeSDXL"
      },
      "widgets_values": [
        4096,
        4096,
        0,
        0,
        4096,
        4096,
        "blurry, illustration, rendering, horror, earrings",
        "blurry, illustration, rendering, horror, earrings"
      ]
    },
    {
      "id": 47,
      "type": "PrimitiveNode",
      "pos": [
        30,
        100
      ],
      "size": {
        "0": 320,
        "1": 140
      },
      "flags": {},
      "order": 6,
      "mode": 0,
      "outputs": [
        {
          "name": "STRING",
          "type": "STRING",
          "links": [
            82,
            83
          ],
          "slot_index": 0,
          "widget": {
            "name": "text_g",
            "config": [
              "STRING",
              {
                "multiline": true,
                "default": "CLIP_G"
              }
            ]
          }
        }
      ],
      "title": "Prompt: Main subject",
      "properties": {},
      "widgets_values": [
        "a closeup professional photo of a freckled woman\n\nhigh resolution, highly detailed, 4k, diffuse lighting"
      ],
      "color": "#232",
      "bgcolor": "#353"
    },
    {
      "id": 41,
      "type": "ConditioningSetTimestepRange",
      "pos": [
        700,
        590
      ],
      "size": {
        "0": 240,
        "1": 82
      },
      "flags": {},
      "order": 11,
      "mode": 0,
      "inputs": [
        {
          "name": "conditioning",
          "type": "CONDITIONING",
          "link": 67
        }
      ],
      "outputs": [
        {
          "name": "CONDITIONING",
          "type": "CONDITIONING",
          "links": [
            68
          ],
          "shape": 3,
          "slot_index": 0
        }
      ],
      "properties": {
        "Node name for S&R": "ConditioningSetTimestepRange"
      },
      "widgets_values": [
        0,
        0.6
      ],
      "color": "#432",
      "bgcolor": "#653"
    },
    {
      "id": 38,
      "type": "ConditioningSetTimestepRange",
      "pos": [
        700,
        390
      ],
      "size": {
        "0": 240,
        "1": 82
      },
      "flags": {},
      "order": 12,
      "mode": 0,
      "inputs": [
        {
          "name": "conditioning",
          "type": "CONDITIONING",
          "link": 65
        }
      ],
      "outputs": [
        {
          "name": "CONDITIONING",
          "type": "CONDITIONING",
          "links": [
            66
          ],
          "shape": 3,
          "slot_index": 0
        }
      ],
      "properties": {
        "Node name for S&R": "ConditioningSetTimestepRange"
      },
      "widgets_values": [
        0.6,
        1
      ],
      "color": "#432",
      "bgcolor": "#653"
    },
    {
      "id": 36,
      "type": "KSampler",
      "pos": [
        930,
        830
      ],
      "size": {
        "0": 315,
        "1": 262
      },
      "flags": {},
      "order": 16,
      "mode": 0,
      "inputs": [
        {
          "name": "model",
          "type": "MODEL",
          "link": 60
        },
        {
          "name": "positive",
          "type": "CONDITIONING",
          "link": 86
        },
        {
          "name": "negative",
          "type": "CONDITIONING",
          "link": 58
        },
        {
          "name": "latent_image",
          "type": "LATENT",
          "link": 59
        }
      ],
      "outputs": [
        {
          "name": "LATENT",
          "type": "LATENT",
          "links": [
            62
          ],
          "shape": 3,
          "slot_index": 0
        }
      ],
      "properties": {
        "Node name for S&R": "KSampler"
      },
      "widgets_values": [
        13,
        "fixed",
        20,
        7,
        "dpmpp_2m",
        "karras",
        1
      ]
    }
  ],
  "links": [
    [
      9,
      8,
      0,
      9,
      0,
      "IMAGE"
    ],
    [
      18,
      14,
      1,
      16,
      0,
      "CLIP"
    ],
    [
      19,
      14,
      1,
      19,
      0,
      "CLIP"
    ],
    [
      20,
      21,
      0,
      16,
      1,
      "STRING"
    ],
    [
      22,
      23,
      0,
      19,
      1,
      "STRING"
    ],
    [
      49,
      23,
      0,
      19,
      2,
      "STRING"
    ],
    [
      50,
      21,
      0,
      16,
      2,
      "STRING"
    ],
    [
      58,
      19,
      0,
      36,
      2,
      "CONDITIONING"
    ],
    [
      59,
      5,
      0,
      36,
      3,
      "LATENT"
    ],
    [
      60,
      14,
      0,
      36,
      0,
      "MODEL"
    ],
    [
      61,
      37,
      0,
      8,
      1,
      "VAE"
    ],
    [
      62,
      36,
      0,
      8,
      0,
      "LATENT"
    ],
    [
      63,
      14,
      1,
      39,
      0,
      "CLIP"
    ],
    [
      65,
      39,
      0,
      38,
      0,
      "CONDITIONING"
    ],
    [
      66,
      38,
      0,
      40,
      0,
      "CONDITIONING"
    ],
    [
      67,
      16,
      0,
      41,
      0,
      "CONDITIONING"
    ],
    [
      68,
      41,
      0,
      40,
      1,
      "CONDITIONING"
    ],
    [
      70,
      42,
      0,
      39,
      1,
      "STRING"
    ],
    [
      71,
      42,
      0,
      39,
      2,
      "STRING"
    ],
    [
      81,
      46,
      0,
      45,
      0,
      "CONDITIONING"
    ],
    [
      82,
      47,
      0,
      46,
      1,
      "STRING"
    ],
    [
      83,
      47,
      0,
      46,
      2,
      "STRING"
    ],
    [
      84,
      45,
      0,
      48,
      0,
      "CONDITIONING"
    ],
    [
      85,
      40,
      0,
      48,
      1,
      "CONDITIONING"
    ],
    [
      86,
      48,
      0,
      36,
      1,
      "CONDITIONING"
    ],
    [
      87,
      14,
      1,
      46,
      0,
      "CLIP"
    ]
  ],
  "groups": [],
  "config": {},
  "extra": {},
  "version": 0.4
}