{
  "last_node_id": 19,
  "last_link_id": 19,
  "nodes": [
    {
      "id": 8,
      "type": "VAEDecode",
      "pos": [
        1130,
        410
      ],
      "size": {
        "0": 140,
        "1": 60
      },
      "flags": {},
      "order": 13,
      "mode": 0,
      "inputs": [
        {
          "name": "samples",
          "type": "LATENT",
          "link": 7
        },
        {
          "name": "vae",
          "type": "VAE",
          "link": 12
        }
      ],
      "outputs": [
        {
          "name": "IMAGE",
          "type": "IMAGE",
          "links": [
            9
          ],
          "slot_index": 0
        }
      ],
      "properties": {
        "Node name for S&R": "VAEDecode"
      }
    },
    {
      "id": 9,
      "type": "SaveImage",
      "pos": [
        1320,
        410
      ],
      "size": {
        "0": 410,
        "1": 460
      },
      "flags": {},
      "order": 14,
      "mode": 0,
      "inputs": [
        {
          "name": "images",
          "type": "IMAGE",
          "link": 9
        }
      ],
      "properties": {},
      "widgets_values": [
        "Result"
      ]
    },
    {
      "id": 11,
      "type": "VAELoader",
      "pos": [
        780,
        720
      ],
      "size": {
        "0": 300,
        "1": 60
      },
      "flags": {},
      "order": 0,
      "mode": 0,
      "outputs": [
        {
          "name": "VAE",
          "type": "VAE",
          "links": [
            12
          ],
          "shape": 3,
          "slot_index": 0
        }
      ],
      "properties": {
        "Node name for S&R": "VAELoader"
      },
      "widgets_values": [
        "vae-ft-mse-840000-ema-pruned.safetensors"
      ]
    },
    {
      "id": 12,
      "type": "PrimitiveNode",
      "pos": [
        70,
        240
      ],
      "size": [
        290,
        120
      ],
      "flags": {},
      "order": 1,
      "mode": 0,
      "outputs": [
        {
          "name": "STRING",
          "type": "STRING",
          "links": [
            13
          ],
          "slot_index": 0,
          "widget": {
            "name": "text",
            "config": [
              "STRING",
              {
                "multiline": true
              }
            ]
          }
        }
      ],
      "properties": {},
      "widgets_values": [
        "blurry, illustration"
      ],
      "color": "#322",
      "bgcolor": "#533"
    },
    {
      "id": 5,
      "type": "EmptyLatentImage",
      "pos": [
        130,
        560
      ],
      "size": [
        230,
        110
      ],
      "flags": {},
      "order": 3,
      "mode": 0,
      "outputs": [
        {
          "name": "LATENT",
          "type": "LATENT",
          "links": [
            2
          ],
          "slot_index": 0
        }
      ],
      "properties": {
        "Node name for S&R": "EmptyLatentImage"
      },
      "widgets_values": [
        512,
        512,
        1
      ],
      "color": "#323",
      "bgcolor": "#535"
    },
    {
      "id": 4,
      "type": "CheckpointLoaderSimple",
      "pos": [
        30,
        410
      ],
      "size": [
        330,
        100
      ],
      "flags": {},
      "order": 4,
      "mode": 0,
      "outputs": [
        {
          "name": "MODEL",
          "type": "MODEL",
          "links": [
            1
          ],
          "slot_index": 0
        },
        {
          "name": "CLIP",
          "type": "CLIP",
          "links": [
            3,
            5
          ],
          "slot_index": 1
        },
        {
          "name": "VAE",
          "type": "VAE",
          "links": [],
          "slot_index": 2
        }
      ],
      "properties": {
        "Node name for S&R": "CheckpointLoaderSimple"
      },
      "widgets_values": [
        "v1-5-pruned-emaonly.safetensors"
      ]
    },
    {
      "id": 15,
      "type": "PrimitiveNode",
      "pos": [
        390,
        560
      ],
      "size": [
        210,
        80
      ],
      "flags": {},
      "order": 5,
      "mode": 0,
      "outputs": [
        {
          "name": "INT",
          "type": "INT",
          "links": [
            16
          ],
          "slot_index": 0,
          "widget": {
            "name": "steps",
            "config": [
              "INT",
              {
                "default": 20,
                "min": 1,
                "max": 10000
              }
            ]
          }
        }
      ],
      "title": "Steps",
      "properties": {},
      "widgets_values": [
        20,
        "fixed"
      ]
    },
    {
      "id": 14,
      "type": "PrimitiveNode",
      "pos": [
        390,
        680
      ],
      "size": [
        210,
        80
      ],
      "flags": {},
      "order": 6,
      "mode": 0,
      "outputs": [
        {
          "name": "FLOAT",
          "type": "FLOAT",
          "links": [
            17
          ],
          "slot_index": 0,
          "widget": {
            "name": "cfg",
            "config": [
              "FLOAT",
              {
                "default": 8,
                "min": 0,
                "max": 100
              }
            ]
          }
        }
      ],
      "title": "CFG",
      "properties": {},
      "widgets_values": [
        7,
        "fixed"
      ]
    },
    {
      "id": 3,
      "type": "KSampler",
      "pos": [
        780,
        410
      ],
      "size": [
        300,
        262
      ],
      "flags": {},
      "order": 12,
      "mode": 0,
      "inputs": [
        {
          "name": "model",
          "type": "MODEL",
          "link": 1
        },
        {
          "name": "positive",
          "type": "CONDITIONING",
          "link": 4
        },
        {
          "name": "negative",
          "type": "CONDITIONING",
          "link": 6
        },
        {
          "name": "latent_image",
          "type": "LATENT",
          "link": 2
        },
        {
          "name": "seed",
          "type": "INT",
          "link": 15,
          "widget": {
            "name": "seed",
            "config": [
              "INT",
              {
                "default": 0,
                "min": 0,
                "max": 18446744073709552000
              }
            ]
          }
        },
        {
          "name": "steps",
          "type": "INT",
          "link": 16,
          "widget": {
            "name": "steps",
            "config": [
              "INT",
              {
                "default": 20,
                "min": 1,
                "max": 10000
              }
            ]
          }
        },
        {
          "name": "cfg",
          "type": "FLOAT",
          "link": 17,
          "widget": {
            "name": "cfg",
            "config": [
              "FLOAT",
              {
                "default": 8,
                "min": 0,
                "max": 100
              }
            ]
          }
        },
        {
          "name": "sampler_name",
          "type": "euler,euler_ancestral,heun,dpm_2,dpm_2_ancestral,lms,dpm_fast,dpm_adaptive,dpmpp_2s_ancestral,dpmpp_sde,dpmpp_sde_gpu,dpmpp_2m,dpmpp_2m_sde,dpmpp_2m_sde_gpu,dpmpp_3m_sde,dpmpp_3m_sde_gpu,ddim,uni_pc,uni_pc_bh2",
          "link": 18,
          "widget": {
            "name": "sampler_name",
            "config": [
              [
                "euler",
                "euler_ancestral",
                "heun",
                "dpm_2",
                "dpm_2_ancestral",
                "lms",
                "dpm_fast",
                "dpm_adaptive",
                "dpmpp_2s_ancestral",
                "dpmpp_sde",
                "dpmpp_sde_gpu",
                "dpmpp_2m",
                "dpmpp_2m_sde",
                "dpmpp_2m_sde_gpu",
                "dpmpp_3m_sde",
                "dpmpp_3m_sde_gpu",
                "ddim",
                "uni_pc",
                "uni_pc_bh2"
              ]
            ]
          }
        },
        {
          "name": "scheduler",
          "type": "normal,karras,exponential,sgm_uniform,simple,ddim_uniform",
          "link": 19,
          "widget": {
            "name": "scheduler",
            "config": [
              [
                "normal",
                "karras",
                "exponential",
                "sgm_uniform",
                "simple",
                "ddim_uniform"
              ]
            ]
          }
        }
      ],
      "outputs": [
        {
          "name": "LATENT",
          "type": "LATENT",
          "links": [
            7
          ],
          "slot_index": 0
        }
      ],
      "properties": {
        "Node name for S&R": "KSampler"
      },
      "widgets_values": [
        6,
        "fixed",
        20,
        7,
        "dpmpp_2m",
        "simple",
        1
      ]
    },
    {
      "id": 6,
      "type": "CLIPTextEncode",
      "pos": [
        450,
        150
      ],
      "size": [
        230,
        50
      ],
      "flags": {},
      "order": 10,
      "mode": 0,
      "inputs": [
        {
          "name": "clip",
          "type": "CLIP",
          "link": 3
        },
        {
          "name": "text",
          "type": "STRING",
          "link": 14,
          "widget": {
            "name": "text",
            "config": [
              "STRING",
              {
                "multiline": true
              }
            ]
          }
        }
      ],
      "outputs": [
        {
          "name": "CONDITIONING",
          "type": "CONDITIONING",
          "links": [
            4
          ],
          "slot_index": 0
        }
      ],
      "title": "CLIP Text Encode (Positive)",
      "properties": {
        "Node name for S&R": "CLIPTextEncode"
      },
      "widgets_values": [
        "a photo of a cat wearing a spacesuit inside a spaceship\n\nhigh resolution, detailed, 4k"
      ]
    },
    {
      "id": 7,
      "type": "CLIPTextEncode",
      "pos": [
        450,
        310
      ],
      "size": [
        230,
        50
      ],
      "flags": {},
      "order": 11,
      "mode": 0,
      "inputs": [
        {
          "name": "clip",
          "type": "CLIP",
          "link": 5
        },
        {
          "name": "text",
          "type": "STRING",
          "link": 13,
          "widget": {
            "name": "text",
            "config": [
              "STRING",
              {
                "multiline": true
              }
            ]
          }
        }
      ],
      "outputs": [
        {
          "name": "CONDITIONING",
          "type": "CONDITIONING",
          "links": [
            6
          ],
          "slot_index": 0
        }
      ],
      "title": "CLIP Text Encode (Negative)",
      "properties": {
        "Node name for S&R": "CLIPTextEncode"
      },
      "widgets_values": [
        "blurry, illustration"
      ]
    },
    {
      "id": 17,
      "type": "PrimitiveNode",
      "pos": [
        390,
        800
      ],
      "size": [
        210,
        80
      ],
      "flags": {},
      "order": 7,
      "mode": 0,
      "outputs": [
        {
          "name": "COMBO",
          "type": "euler,euler_ancestral,heun,dpm_2,dpm_2_ancestral,lms,dpm_fast,dpm_adaptive,dpmpp_2s_ancestral,dpmpp_sde,dpmpp_sde_gpu,dpmpp_2m,dpmpp_2m_sde,dpmpp_2m_sde_gpu,dpmpp_3m_sde,dpmpp_3m_sde_gpu,ddim,uni_pc,uni_pc_bh2",
          "links": [
            18
          ],
          "slot_index": 0,
          "widget": {
            "name": "sampler_name",
            "config": [
              [
                "euler",
                "euler_ancestral",
                "heun",
                "dpm_2",
                "dpm_2_ancestral",
                "lms",
                "dpm_fast",
                "dpm_adaptive",
                "dpmpp_2s_ancestral",
                "dpmpp_sde",
                "dpmpp_sde_gpu",
                "dpmpp_2m",
                "dpmpp_2m_sde",
                "dpmpp_2m_sde_gpu",
                "dpmpp_3m_sde",
                "dpmpp_3m_sde_gpu",
                "ddim",
                "uni_pc",
                "uni_pc_bh2"
              ]
            ]
          }
        }
      ],
      "title": "Sampler",
      "properties": {},
      "widgets_values": [
        "dpmpp_2m",
        "fixed"
      ]
    },
    {
      "id": 19,
      "type": "PrimitiveNode",
      "pos": [
        390,
        920
      ],
      "size": [
        210,
        80
      ],
      "flags": {},
      "order": 8,
      "mode": 0,
      "outputs": [
        {
          "name": "COMBO",
          "type": "normal,karras,exponential,sgm_uniform,simple,ddim_uniform",
          "links": [
            19
          ],
          "slot_index": 0,
          "widget": {
            "name": "scheduler",
            "config": [
              [
                "normal",
                "karras",
                "exponential",
                "sgm_uniform",
                "simple",
                "ddim_uniform"
              ]
            ]
          }
        }
      ],
      "title": "Scheduler",
      "properties": {},
      "widgets_values": [
        "simple",
        "fixed"
      ]
    },
    {
      "id": 16,
      "type": "PrimitiveNode",
      "pos": [
        150,
        720
      ],
      "size": {
        "0": 210,
        "1": 82
      },
      "flags": {},
      "order": 9,
      "mode": 0,
      "outputs": [
        {
          "name": "INT",
          "type": "INT",
          "links": [
            15
          ],
          "slot_index": 0,
          "widget": {
            "name": "seed",
            "config": [
              "INT",
              {
                "default": 0,
                "min": 0,
                "max": 18446744073709552000
              }
            ]
          }
        }
      ],
      "title": "Seed",
      "properties": {},
      "widgets_values": [
        6,
        "fixed"
      ]
    },
    {
      "id": 13,
      "type": "PrimitiveNode",
      "pos": [
        70,
        60
      ],
      "size": [
        290,
        140
      ],
      "flags": {},
      "order": 2,
      "mode": 0,
      "outputs": [
        {
          "name": "STRING",
          "type": "STRING",
          "links": [
            14
          ],
          "slot_index": 0,
          "widget": {
            "name": "text",
            "config": [
              "STRING",
              {
                "multiline": true
              }
            ]
          }
        }
      ],
      "properties": {},
      "widgets_values": [
        "a photo of a cat wearing a spacesuit inside a spaceship\n\nhigh resolution, detailed, 4k"
      ],
      "color": "#232",
      "bgcolor": "#353"
    }
  ],
  "links": [
    [
      1,
      4,
      0,
      3,
      0,
      "MODEL"
    ],
    [
      2,
      5,
      0,
      3,
      3,
      "LATENT"
    ],
    [
      3,
      4,
      1,
      6,
      0,
      "CLIP"
    ],
    [
      4,
      6,
      0,
      3,
      1,
      "CONDITIONING"
    ],
    [
      5,
      4,
      1,
      7,
      0,
      "CLIP"
    ],
    [
      6,
      7,
      0,
      3,
      2,
      "CONDITIONING"
    ],
    [
      7,
      3,
      0,
      8,
      0,
      "LATENT"
    ],
    [
      9,
      8,
      0,
      9,
      0,
      "IMAGE"
    ],
    [
      12,
      11,
      0,
      8,
      1,
      "VAE"
    ],
    [
      13,
      12,
      0,
      7,
      1,
      "STRING"
    ],
    [
      14,
      13,
      0,
      6,
      1,
      "STRING"
    ],
    [
      15,
      16,
      0,
      3,
      4,
      "INT"
    ],
    [
      16,
      15,
      0,
      3,
      5,
      "INT"
    ],
    [
      17,
      14,
      0,
      3,
      6,
      "FLOAT"
    ],
    [
      18,
      17,
      0,
      3,
      7,
      "euler,euler_ancestral,heun,dpm_2,dpm_2_ancestral,lms,dpm_fast,dpm_adaptive,dpmpp_2s_ancestral,dpmpp_sde,dpmpp_sde_gpu,dpmpp_2m,dpmpp_2m_sde,dpmpp_2m_sde_gpu,dpmpp_3m_sde,dpmpp_3m_sde_gpu,ddim,uni_pc,uni_pc_bh2"
    ],
    [
      19,
      19,
      0,
      3,
      8,
      "normal,karras,exponential,sgm_uniform,simple,ddim_uniform"
    ]
  ],
  "groups": [],
  "config": {},
  "extra": {},
  "version": 0.4
}