{
  "last_node_id": 37,
  "last_link_id": 62,
  "nodes": [
    {
      "id": 8,
      "type": "VAEDecode",
      "pos": [
        1120,
        160
      ],
      "size": {
        "0": 140,
        "1": 60
      },
      "flags": {},
      "order": 9,
      "mode": 0,
      "inputs": [
        {
          "name": "samples",
          "type": "LATENT",
          "link": 62
        },
        {
          "name": "vae",
          "type": "VAE",
          "link": 61
        }
      ],
      "outputs": [
        {
          "name": "IMAGE",
          "type": "IMAGE",
          "links": [
            9
          ],
          "slot_index": 0
        }
      ],
      "properties": {
        "Node name for S&R": "VAEDecode"
      }
    },
    {
      "id": 23,
      "type": "PrimitiveNode",
      "pos": [
        20,
        240
      ],
      "size": {
        "0": 320,
        "1": 150
      },
      "flags": {},
      "order": 0,
      "mode": 0,
      "outputs": [
        {
          "name": "STRING",
          "type": "STRING",
          "links": [
            22,
            49
          ],
          "slot_index": 0,
          "widget": {
            "name": "text_g",
            "config": [
              "STRING",
              {
                "multiline": true,
                "default": "CLIP_G"
              }
            ]
          }
        }
      ],
      "title": "Prompt: Negative",
      "properties": {},
      "widgets_values": [
        "blurry, rendering, illustration"
      ],
      "color": "#322",
      "bgcolor": "#533"
    },
    {
      "id": 32,
      "type": "Note",
      "pos": [
        -100,
        570
      ],
      "size": {
        "0": 210,
        "1": 380
      },
      "flags": {},
      "order": 1,
      "mode": 0,
      "title": "Resolutions",
      "properties": {
        "text": ""
      },
      "widgets_values": [
        "0.5:   704×1408\n0.52:  704×1344\n0.57:  768×1344\n0.6:   768×1280\n0.68:  832×1216\n0.72:  832×1152\n0.78:  896×1152\n0.82:  896×1088\n0.88:  960×1088\n0.94:  960×1024\n1.0:  1024×1024\n1.07:  1024×960\n1.13:  1088×960\n1.21:  1088×896\n1.29:  1152×896\n1.38:  1152×832\n1.46:  1216×832\n1.67:  1280×768\n1.75:  1344×768\n1.91:  1344×704\n2.0:   1408×704\n2.09:  1472×704\n2.4:   1536×640\n2.5:   1600×640\n2.89:  1664×576\n3.0:   1728×576"
      ],
      "color": "#323",
      "bgcolor": "#535"
    },
    {
      "id": 16,
      "type": "CLIPTextEncodeSDXL",
      "pos": [
        450,
        160
      ],
      "size": {
        "0": 220,
        "1": 220
      },
      "flags": {},
      "order": 6,
      "mode": 0,
      "inputs": [
        {
          "name": "clip",
          "type": "CLIP",
          "link": 18
        },
        {
          "name": "text_g",
          "type": "STRING",
          "link": 20,
          "widget": {
            "name": "text_g",
            "config": [
              "STRING",
              {
                "multiline": true,
                "default": "CLIP_G"
              }
            ]
          }
        },
        {
          "name": "text_l",
          "type": "STRING",
          "link": 50,
          "widget": {
            "name": "text_l",
            "config": [
              "STRING",
              {
                "multiline": true,
                "default": "CLIP_L"
              }
            ]
          }
        }
      ],
      "outputs": [
        {
          "name": "CONDITIONING",
          "type": "CONDITIONING",
          "links": [
            57
          ],
          "shape": 3,
          "slot_index": 0
        }
      ],
      "properties": {
        "Node name for S&R": "CLIPTextEncodeSDXL"
      },
      "widgets_values": [
        4096,
        4096,
        0,
        0,
        4096,
        4096,
        "a photo of a cat wearing a spacesuit inside a spaceship\n\nhigh resolution, detailed, 4k",
        "a photo of a cat wearing a spacesuit inside a spaceship\n\nhigh resolution, detailed, 4k"
      ]
    },
    {
      "id": 21,
      "type": "PrimitiveNode",
      "pos": [
        20,
        60
      ],
      "size": {
        "0": 320,
        "1": 140
      },
      "flags": {},
      "order": 2,
      "mode": 0,
      "outputs": [
        {
          "name": "STRING",
          "type": "STRING",
          "links": [
            20,
            50
          ],
          "slot_index": 0,
          "widget": {
            "name": "text_g",
            "config": [
              "STRING",
              {
                "multiline": true,
                "default": "CLIP_G"
              }
            ]
          }
        }
      ],
      "title": "Prompt: Main subject",
      "properties": {},
      "widgets_values": [
        "a photo of a cat wearing a spacesuit inside a spaceship\n\nhigh resolution, detailed, 4k"
      ],
      "color": "#232",
      "bgcolor": "#353"
    },
    {
      "id": 19,
      "type": "CLIPTextEncodeSDXL",
      "pos": [
        450,
        430
      ],
      "size": {
        "0": 220,
        "1": 220
      },
      "flags": {},
      "order": 7,
      "mode": 0,
      "inputs": [
        {
          "name": "clip",
          "type": "CLIP",
          "link": 19
        },
        {
          "name": "text_g",
          "type": "STRING",
          "link": 22,
          "widget": {
            "name": "text_g",
            "config": [
              "STRING",
              {
                "multiline": true,
                "default": "CLIP_G"
              }
            ]
          }
        },
        {
          "name": "text_l",
          "type": "STRING",
          "link": 49,
          "widget": {
            "name": "text_l",
            "config": [
              "STRING",
              {
                "multiline": true,
                "default": "CLIP_L"
              }
            ]
          }
        }
      ],
      "outputs": [
        {
          "name": "CONDITIONING",
          "type": "CONDITIONING",
          "links": [
            58
          ],
          "shape": 3,
          "slot_index": 0
        }
      ],
      "properties": {
        "Node name for S&R": "CLIPTextEncodeSDXL"
      },
      "widgets_values": [
        4096,
        4096,
        0,
        0,
        4096,
        4096,
        "blurry, rendering, illustration",
        "blurry, rendering, illustration"
      ]
    },
    {
      "id": 5,
      "type": "EmptyLatentImage",
      "pos": [
        130,
        570
      ],
      "size": {
        "0": 210,
        "1": 110
      },
      "flags": {},
      "order": 3,
      "mode": 0,
      "outputs": [
        {
          "name": "LATENT",
          "type": "LATENT",
          "links": [
            59
          ],
          "slot_index": 0
        }
      ],
      "properties": {
        "Node name for S&R": "EmptyLatentImage"
      },
      "widgets_values": [
        1024,
        1024,
        1
      ],
      "color": "#323",
      "bgcolor": "#535"
    },
    {
      "id": 14,
      "type": "CheckpointLoaderSimple",
      "pos": [
        20,
        430
      ],
      "size": {
        "0": 320,
        "1": 100
      },
      "flags": {},
      "order": 4,
      "mode": 0,
      "outputs": [
        {
          "name": "MODEL",
          "type": "MODEL",
          "links": [
            60
          ],
          "shape": 3,
          "slot_index": 0
        },
        {
          "name": "CLIP",
          "type": "CLIP",
          "links": [
            18,
            19
          ],
          "shape": 3,
          "slot_index": 1
        },
        {
          "name": "VAE",
          "type": "VAE",
          "links": null,
          "shape": 3
        }
      ],
      "title": "Load Checkpoint Base",
      "properties": {
        "Node name for S&R": "CheckpointLoaderSimple"
      },
      "widgets_values": [
        "sd_xl_base_1.0.safetensors"
      ]
    },
    {
      "id": 37,
      "type": "VAELoader",
      "pos": [
        820,
        160
      ],
      "size": [
        260,
        60
      ],
      "flags": {},
      "order": 5,
      "mode": 0,
      "outputs": [
        {
          "name": "VAE",
          "type": "VAE",
          "links": [
            61
          ],
          "shape": 3,
          "slot_index": 0
        }
      ],
      "properties": {
        "Node name for S&R": "VAELoader"
      },
      "widgets_values": [
        "sdxl_vae.safetensors"
      ]
    },
    {
      "id": 9,
      "type": "SaveImage",
      "pos": [
        1120,
        270
      ],
      "size": {
        "0": 400,
        "1": 450
      },
      "flags": {},
      "order": 10,
      "mode": 0,
      "inputs": [
        {
          "name": "images",
          "type": "IMAGE",
          "link": 9
        }
      ],
      "properties": {},
      "widgets_values": [
        "SDXL"
      ]
    },
    {
      "id": 36,
      "type": "KSampler",
      "pos": [
        740,
        300
      ],
      "size": {
        "0": 315,
        "1": 262
      },
      "flags": {},
      "order": 8,
      "mode": 0,
      "inputs": [
        {
          "name": "model",
          "type": "MODEL",
          "link": 60
        },
        {
          "name": "positive",
          "type": "CONDITIONING",
          "link": 57
        },
        {
          "name": "negative",
          "type": "CONDITIONING",
          "link": 58
        },
        {
          "name": "latent_image",
          "type": "LATENT",
          "link": 59
        }
      ],
      "outputs": [
        {
          "name": "LATENT",
          "type": "LATENT",
          "links": [
            62
          ],
          "shape": 3,
          "slot_index": 0
        }
      ],
      "properties": {
        "Node name for S&R": "KSampler"
      },
      "widgets_values": [
        1,
        "fixed",
        20,
        8,
        "euler",
        "normal",
        1
      ]
    }
  ],
  "links": [
    [
      9,
      8,
      0,
      9,
      0,
      "IMAGE"
    ],
    [
      18,
      14,
      1,
      16,
      0,
      "CLIP"
    ],
    [
      19,
      14,
      1,
      19,
      0,
      "CLIP"
    ],
    [
      20,
      21,
      0,
      16,
      1,
      "STRING"
    ],
    [
      22,
      23,
      0,
      19,
      1,
      "STRING"
    ],
    [
      49,
      23,
      0,
      19,
      2,
      "STRING"
    ],
    [
      50,
      21,
      0,
      16,
      2,
      "STRING"
    ],
    [
      57,
      16,
      0,
      36,
      1,
      "CONDITIONING"
    ],
    [
      58,
      19,
      0,
      36,
      2,
      "CONDITIONING"
    ],
    [
      59,
      5,
      0,
      36,
      3,
      "LATENT"
    ],
    [
      60,
      14,
      0,
      36,
      0,
      "MODEL"
    ],
    [
      61,
      37,
      0,
      8,
      1,
      "VAE"
    ],
    [
      62,
      36,
      0,
      8,
      0,
      "LATENT"
    ]
  ],
  "groups": [],
  "config": {},
  "extra": {},
  "version": 0.4
}