{
  "last_node_id": 40,
  "last_link_id": 76,
  "nodes": [
    {
      "id": 7,
      "type": "CLIPTextEncode",
      "pos": [
        230,
        750
      ],
      "size": {
        "0": 230,
        "1": 90
      },
      "flags": {},
      "order": 10,
      "mode": 0,
      "inputs": [
        {
          "name": "clip",
          "type": "CLIP",
          "link": 5
        }
      ],
      "outputs": [
        {
          "name": "CONDITIONING",
          "type": "CONDITIONING",
          "links": [
            6
          ],
          "slot_index": 0
        }
      ],
      "title": "CLIP Text Encode (Negative)",
      "properties": {
        "Node name for S&R": "CLIPTextEncode"
      },
      "widgets_values": [
        "blurry, horror, low quality"
      ],
      "color": "#322",
      "bgcolor": "#533"
    },
    {
      "id": 6,
      "type": "CLIPTextEncode",
      "pos": [
        230,
        620
      ],
      "size": {
        "0": 230,
        "1": 90
      },
      "flags": {},
      "order": 9,
      "mode": 0,
      "inputs": [
        {
          "name": "clip",
          "type": "CLIP",
          "link": 3
        }
      ],
      "outputs": [
        {
          "name": "CONDITIONING",
          "type": "CONDITIONING",
          "links": [
            65
          ],
          "slot_index": 0
        }
      ],
      "title": "CLIP Text Encode (Positive)",
      "properties": {
        "Node name for S&R": "CLIPTextEncode"
      },
      "widgets_values": [
        "statue of a woman"
      ],
      "color": "#232",
      "bgcolor": "#353"
    },
    {
      "id": 8,
      "type": "VAEDecode",
      "pos": [
        1130,
        590
      ],
      "size": {
        "0": 140,
        "1": 50
      },
      "flags": {},
      "order": 15,
      "mode": 0,
      "inputs": [
        {
          "name": "samples",
          "type": "LATENT",
          "link": 7
        },
        {
          "name": "vae",
          "type": "VAE",
          "link": 12
        }
      ],
      "outputs": [
        {
          "name": "IMAGE",
          "type": "IMAGE",
          "links": [
            33
          ],
          "slot_index": 0
        }
      ],
      "properties": {
        "Node name for S&R": "VAEDecode"
      }
    },
    {
      "id": 23,
      "type": "SaveImage",
      "pos": [
        1300,
        590
      ],
      "size": {
        "0": 424.4323425292969,
        "1": 480.7194519042969
      },
      "flags": {},
      "order": 16,
      "mode": 0,
      "inputs": [
        {
          "name": "images",
          "type": "IMAGE",
          "link": 33
        }
      ],
      "properties": {},
      "widgets_values": [
        "Result"
      ]
    },
    {
      "id": 37,
      "type": "EmptyLatentImage",
      "pos": [
        529,
        738
      ],
      "size": {
        "0": 210,
        "1": 110
      },
      "flags": {},
      "order": 0,
      "mode": 0,
      "outputs": [
        {
          "name": "LATENT",
          "type": "LATENT",
          "links": [
            64
          ],
          "shape": 3,
          "slot_index": 0
        }
      ],
      "properties": {
        "Node name for S&R": "EmptyLatentImage"
      },
      "widgets_values": [
        512,
        512,
        1
      ]
    },
    {
      "id": 34,
      "type": "PreviewImage",
      "pos": [
        260,
        1060
      ],
      "size": {
        "0": 210,
        "1": 246
      },
      "flags": {},
      "order": 12,
      "mode": 0,
      "inputs": [
        {
          "name": "images",
          "type": "IMAGE",
          "link": 62
        }
      ],
      "properties": {
        "Node name for S&R": "PreviewImage"
      }
    },
    {
      "id": 35,
      "type": "ControlNetLoader",
      "pos": [
        260,
        1340
      ],
      "size": {
        "0": 210,
        "1": 60
      },
      "flags": {},
      "order": 1,
      "mode": 0,
      "outputs": [
        {
          "name": "CONTROL_NET",
          "type": "CONTROL_NET",
          "links": [
            63
          ],
          "shape": 3,
          "slot_index": 0
        }
      ],
      "properties": {
        "Node name for S&R": "ControlNetLoader"
      },
      "widgets_values": [
        "control_v11p_sd15_canny_fp16.safetensors"
      ]
    },
    {
      "id": 27,
      "type": "LoadImage",
      "pos": [
        -10,
        940
      ],
      "size": {
        "0": 230,
        "1": 320
      },
      "flags": {},
      "order": 2,
      "mode": 0,
      "outputs": [
        {
          "name": "IMAGE",
          "type": "IMAGE",
          "links": [
            61
          ],
          "shape": 3,
          "slot_index": 0
        },
        {
          "name": "MASK",
          "type": "MASK",
          "links": null,
          "shape": 3
        }
      ],
      "properties": {
        "Node name for S&R": "LoadImage"
      },
      "widgets_values": [
        "cwf_portrait.jpg",
        "image"
      ]
    },
    {
      "id": 11,
      "type": "VAELoader",
      "pos": [
        -100,
        770
      ],
      "size": {
        "0": 280,
        "1": 60
      },
      "flags": {},
      "order": 3,
      "mode": 0,
      "outputs": [
        {
          "name": "VAE",
          "type": "VAE",
          "links": [
            12
          ],
          "shape": 3,
          "slot_index": 0
        }
      ],
      "properties": {
        "Node name for S&R": "VAELoader"
      },
      "widgets_values": [
        "vae-ft-mse-840000-ema-pruned.safetensors"
      ]
    },
    {
      "id": 33,
      "type": "Canny",
      "pos": [
        250,
        940
      ],
      "size": {
        "0": 220,
        "1": 82
      },
      "flags": {},
      "order": 8,
      "mode": 0,
      "inputs": [
        {
          "name": "image",
          "type": "IMAGE",
          "link": 61
        }
      ],
      "outputs": [
        {
          "name": "IMAGE",
          "type": "IMAGE",
          "links": [
            62,
            67
          ],
          "shape": 3,
          "slot_index": 0
        }
      ],
      "properties": {
        "Node name for S&R": "Canny"
      },
      "widgets_values": [
        0.3,
        0.8
      ]
    },
    {
      "id": 4,
      "type": "CheckpointLoaderSimple",
      "pos": [
        -100,
        490
      ],
      "size": {
        "0": 280,
        "1": 100
      },
      "flags": {},
      "order": 4,
      "mode": 0,
      "outputs": [
        {
          "name": "MODEL",
          "type": "MODEL",
          "links": [
            75
          ],
          "slot_index": 0
        },
        {
          "name": "CLIP",
          "type": "CLIP",
          "links": [
            3,
            5
          ],
          "slot_index": 1
        },
        {
          "name": "VAE",
          "type": "VAE",
          "links": [],
          "slot_index": 2
        }
      ],
      "properties": {
        "Node name for S&R": "CheckpointLoaderSimple"
      },
      "widgets_values": [
        "dreamshaper_8.safetensors"
      ]
    },
    {
      "id": 36,
      "type": "ControlNetApply",
      "pos": [
        530,
        900
      ],
      "size": {
        "0": 211.60000610351562,
        "1": 100
      },
      "flags": {},
      "order": 13,
      "mode": 0,
      "inputs": [
        {
          "name": "conditioning",
          "type": "CONDITIONING",
          "link": 65
        },
        {
          "name": "control_net",
          "type": "CONTROL_NET",
          "link": 63
        },
        {
          "name": "image",
          "type": "IMAGE",
          "link": 67
        }
      ],
      "outputs": [
        {
          "name": "CONDITIONING",
          "type": "CONDITIONING",
          "links": [
            66
          ],
          "shape": 3,
          "slot_index": 0
        }
      ],
      "properties": {
        "Node name for S&R": "ControlNetApply"
      },
      "widgets_values": [
        0.9500000000000001
      ]
    },
    {
      "id": 3,
      "type": "KSampler",
      "pos": [
        800,
        590
      ],
      "size": {
        "0": 300,
        "1": 262
      },
      "flags": {},
      "order": 14,
      "mode": 0,
      "inputs": [
        {
          "name": "model",
          "type": "MODEL",
          "link": 76
        },
        {
          "name": "positive",
          "type": "CONDITIONING",
          "link": 66
        },
        {
          "name": "negative",
          "type": "CONDITIONING",
          "link": 6
        },
        {
          "name": "latent_image",
          "type": "LATENT",
          "link": 64
        }
      ],
      "outputs": [
        {
          "name": "LATENT",
          "type": "LATENT",
          "links": [
            7
          ],
          "slot_index": 0
        }
      ],
      "properties": {
        "Node name for S&R": "KSampler"
      },
      "widgets_values": [
        37,
        "fixed",
        25,
        8,
        "ddim",
        "ddim_uniform",
        1
      ]
    },
    {
      "id": 38,
      "type": "CLIPVisionLoader",
      "pos": [
        -100,
        390
      ],
      "size": [
        280,
        60
      ],
      "flags": {},
      "order": 5,
      "mode": 0,
      "outputs": [
        {
          "name": "CLIP_VISION",
          "type": "CLIP_VISION",
          "links": [
            72
          ],
          "shape": 3,
          "slot_index": 0
        }
      ],
      "properties": {
        "Node name for S&R": "CLIPVisionLoader"
      },
      "widgets_values": [
        "IPAdapter_image_encoder_sd15.safetensors"
      ]
    },
    {
      "id": 39,
      "type": "IPAdapterModelLoader",
      "pos": [
        -30,
        290
      ],
      "size": [
        210,
        60
      ],
      "flags": {},
      "order": 6,
      "mode": 0,
      "outputs": [
        {
          "name": "IPADAPTER",
          "type": "IPADAPTER",
          "links": [
            71
          ],
          "shape": 3,
          "slot_index": 0
        }
      ],
      "properties": {
        "Node name for S&R": "IPAdapterModelLoader"
      },
      "widgets_values": [
        "ip-adapter-plus_sd15.bin"
      ]
    },
    {
      "id": 24,
      "type": "LoadImage",
      "pos": [
        240,
        250
      ],
      "size": {
        "0": 220,
        "1": 320
      },
      "flags": {},
      "order": 7,
      "mode": 0,
      "outputs": [
        {
          "name": "IMAGE",
          "type": "IMAGE",
          "links": [
            74
          ],
          "shape": 3,
          "slot_index": 0
        },
        {
          "name": "MASK",
          "type": "MASK",
          "links": null,
          "shape": 3
        }
      ],
      "properties": {
        "Node name for S&R": "LoadImage"
      },
      "widgets_values": [
        "cwf_marble_statue.jpg",
        "image"
      ]
    },
    {
      "id": 40,
      "type": "IPAdapterApply",
      "pos": [
        550,
        350
      ],
      "size": {
        "0": 210,
        "1": 142
      },
      "flags": {},
      "order": 11,
      "mode": 0,
      "inputs": [
        {
          "name": "ipadapter",
          "type": "IPADAPTER",
          "link": 71
        },
        {
          "name": "clip_vision",
          "type": "CLIP_VISION",
          "link": 72
        },
        {
          "name": "image",
          "type": "IMAGE",
          "link": 74
        },
        {
          "name": "model",
          "type": "MODEL",
          "link": 75
        }
      ],
      "outputs": [
        {
          "name": "MODEL",
          "type": "MODEL",
          "links": [
            76
          ],
          "shape": 3,
          "slot_index": 0
        }
      ],
      "properties": {
        "Node name for S&R": "IPAdapterApply"
      },
      "widgets_values": [
        0.7000000000000001,
        0
      ]
    }
  ],
  "links": [
    [
      3,
      4,
      1,
      6,
      0,
      "CLIP"
    ],
    [
      5,
      4,
      1,
      7,
      0,
      "CLIP"
    ],
    [
      6,
      7,
      0,
      3,
      2,
      "CONDITIONING"
    ],
    [
      7,
      3,
      0,
      8,
      0,
      "LATENT"
    ],
    [
      12,
      11,
      0,
      8,
      1,
      "VAE"
    ],
    [
      33,
      8,
      0,
      23,
      0,
      "IMAGE"
    ],
    [
      61,
      27,
      0,
      33,
      0,
      "IMAGE"
    ],
    [
      62,
      33,
      0,
      34,
      0,
      "IMAGE"
    ],
    [
      63,
      35,
      0,
      36,
      1,
      "CONTROL_NET"
    ],
    [
      64,
      37,
      0,
      3,
      3,
      "LATENT"
    ],
    [
      65,
      6,
      0,
      36,
      0,
      "CONDITIONING"
    ],
    [
      66,
      36,
      0,
      3,
      1,
      "CONDITIONING"
    ],
    [
      67,
      33,
      0,
      36,
      2,
      "IMAGE"
    ],
    [
      71,
      39,
      0,
      40,
      0,
      "IPADAPTER"
    ],
    [
      72,
      38,
      0,
      40,
      1,
      "CLIP_VISION"
    ],
    [
      74,
      24,
      0,
      40,
      2,
      "IMAGE"
    ],
    [
      75,
      4,
      0,
      40,
      3,
      "MODEL"
    ],
    [
      76,
      40,
      0,
      3,
      0,
      "MODEL"
    ]
  ],
  "groups": [],
  "config": {},
  "extra": {},
  "version": 0.4
}