{
  "last_node_id": 29,
  "last_link_id": 51,
  "nodes": [
    {
      "id": 13,
      "type": "StyleModelLoader",
      "pos": [
        380,
        260
      ],
      "size": {
        "0": 210,
        "1": 60
      },
      "flags": {},
      "order": 0,
      "mode": 0,
      "outputs": [
        {
          "name": "STYLE_MODEL",
          "type": "STYLE_MODEL",
          "links": [
            13
          ],
          "shape": 3,
          "slot_index": 0
        }
      ],
      "properties": {
        "Node name for S&R": "StyleModelLoader"
      },
      "widgets_values": [
        "coadapter-style-sd15v1.pth"
      ]
    },
    {
      "id": 16,
      "type": "LoadImage",
      "pos": [
        80,
        400
      ],
      "size": {
        "0": 210,
        "1": 314
      },
      "flags": {},
      "order": 1,
      "mode": 0,
      "outputs": [
        {
          "name": "IMAGE",
          "type": "IMAGE",
          "links": [
            16
          ],
          "shape": 3,
          "slot_index": 0
        },
        {
          "name": "MASK",
          "type": "MASK",
          "links": null,
          "shape": 3
        }
      ],
      "properties": {
        "Node name for S&R": "LoadImage"
      },
      "widgets_values": [
        "cwf_marble_statue.jpg",
        "image"
      ]
    },
    {
      "id": 14,
      "type": "CLIPVisionLoader",
      "pos": [
        80,
        300
      ],
      "size": {
        "0": 210,
        "1": 60
      },
      "flags": {},
      "order": 2,
      "mode": 0,
      "outputs": [
        {
          "name": "CLIP_VISION",
          "type": "CLIP_VISION",
          "links": [
            15
          ],
          "shape": 3,
          "slot_index": 0
        }
      ],
      "properties": {
        "Node name for S&R": "CLIPVisionLoader"
      },
      "widgets_values": [
        "style_pytorch_model.bin"
      ]
    },
    {
      "id": 11,
      "type": "VAELoader",
      "pos": [
        980,
        370
      ],
      "size": {
        "0": 240,
        "1": 60
      },
      "flags": {},
      "order": 3,
      "mode": 0,
      "outputs": [
        {
          "name": "VAE",
          "type": "VAE",
          "links": [
            12
          ],
          "shape": 3,
          "slot_index": 0
        }
      ],
      "properties": {
        "Node name for S&R": "VAELoader"
      },
      "widgets_values": [
        "vae-ft-mse-840000-ema-pruned.safetensors"
      ]
    },
    {
      "id": 9,
      "type": "SaveImage",
      "pos": [
        1450,
        70
      ],
      "size": {
        "0": 410,
        "1": 460
      },
      "flags": {},
      "order": 17,
      "mode": 0,
      "inputs": [
        {
          "name": "images",
          "type": "IMAGE",
          "link": 9
        }
      ],
      "properties": {},
      "widgets_values": [
        "Result"
      ]
    },
    {
      "id": 5,
      "type": "EmptyLatentImage",
      "pos": [
        710,
        200
      ],
      "size": {
        "0": 220,
        "1": 106
      },
      "flags": {},
      "order": 4,
      "mode": 0,
      "outputs": [
        {
          "name": "LATENT",
          "type": "LATENT",
          "links": [
            2
          ],
          "slot_index": 0
        }
      ],
      "properties": {
        "Node name for S&R": "EmptyLatentImage"
      },
      "widgets_values": [
        512,
        512,
        1
      ]
    },
    {
      "id": 7,
      "type": "CLIPTextEncode",
      "pos": [
        360,
        140
      ],
      "size": {
        "0": 230,
        "1": 80
      },
      "flags": {},
      "order": 8,
      "mode": 0,
      "inputs": [
        {
          "name": "clip",
          "type": "CLIP",
          "link": 5
        }
      ],
      "outputs": [
        {
          "name": "CONDITIONING",
          "type": "CONDITIONING",
          "links": [
            6
          ],
          "slot_index": 0
        }
      ],
      "title": "CLIP Text Encode (Negative)",
      "properties": {
        "Node name for S&R": "CLIPTextEncode"
      },
      "widgets_values": [
        "blurry, illustration, naked, text"
      ],
      "color": "#322",
      "bgcolor": "#533"
    },
    {
      "id": 15,
      "type": "CLIPVisionEncode",
      "pos": [
        340,
        360
      ],
      "size": {
        "0": 253.60000610351562,
        "1": 50
      },
      "flags": {},
      "order": 6,
      "mode": 0,
      "inputs": [
        {
          "name": "clip_vision",
          "type": "CLIP_VISION",
          "link": 15
        },
        {
          "name": "image",
          "type": "IMAGE",
          "link": 16
        }
      ],
      "outputs": [
        {
          "name": "CLIP_VISION_OUTPUT",
          "type": "CLIP_VISION_OUTPUT",
          "links": [
            14
          ],
          "shape": 3,
          "slot_index": 0
        }
      ],
      "properties": {
        "Node name for S&R": "CLIPVisionEncode"
      }
    },
    {
      "id": 4,
      "type": "CheckpointLoaderSimple",
      "pos": [
        40,
        60
      ],
      "size": {
        "0": 250,
        "1": 100
      },
      "flags": {},
      "order": 5,
      "mode": 0,
      "outputs": [
        {
          "name": "MODEL",
          "type": "MODEL",
          "links": [
            1
          ],
          "slot_index": 0
        },
        {
          "name": "CLIP",
          "type": "CLIP",
          "links": [
            3,
            5,
            27
          ],
          "slot_index": 1
        },
        {
          "name": "VAE",
          "type": "VAE",
          "links": [],
          "slot_index": 2
        }
      ],
      "properties": {
        "Node name for S&R": "CheckpointLoaderSimple"
      },
      "widgets_values": [
        "v1-5-pruned-emaonly.safetensors"
      ]
    },
    {
      "id": 3,
      "type": "KSampler",
      "pos": [
        980,
        70
      ],
      "size": {
        "0": 240,
        "1": 262
      },
      "flags": {},
      "order": 15,
      "mode": 0,
      "inputs": [
        {
          "name": "model",
          "type": "MODEL",
          "link": 1
        },
        {
          "name": "positive",
          "type": "CONDITIONING",
          "link": 51
        },
        {
          "name": "negative",
          "type": "CONDITIONING",
          "link": 6
        },
        {
          "name": "latent_image",
          "type": "LATENT",
          "link": 2
        }
      ],
      "outputs": [
        {
          "name": "LATENT",
          "type": "LATENT",
          "links": [
            7
          ],
          "slot_index": 0
        }
      ],
      "properties": {
        "Node name for S&R": "KSampler"
      },
      "widgets_values": [
        10,
        "fixed",
        20,
        7,
        "dpmpp_2m",
        "karras",
        1
      ]
    },
    {
      "id": 6,
      "type": "CLIPTextEncode",
      "pos": [
        360,
        20
      ],
      "size": {
        "0": 230,
        "1": 80
      },
      "flags": {},
      "order": 7,
      "mode": 0,
      "inputs": [
        {
          "name": "clip",
          "type": "CLIP",
          "link": 3
        }
      ],
      "outputs": [
        {
          "name": "CONDITIONING",
          "type": "CONDITIONING",
          "links": [
            48
          ],
          "slot_index": 0
        }
      ],
      "title": "CLIP Text Encode (Positive)",
      "properties": {
        "Node name for S&R": "CLIPTextEncode"
      },
      "widgets_values": [
        "a serious guy in the park"
      ],
      "color": "#232",
      "bgcolor": "#353"
    },
    {
      "id": 23,
      "type": "CLIPTextEncode",
      "pos": [
        360,
        -100
      ],
      "size": [
        230,
        76
      ],
      "flags": {},
      "order": 9,
      "mode": 0,
      "inputs": [
        {
          "name": "clip",
          "type": "CLIP",
          "link": 27
        }
      ],
      "outputs": [
        {
          "name": "CONDITIONING",
          "type": "CONDITIONING",
          "links": [
            28
          ],
          "slot_index": 0
        }
      ],
      "title": "CLIP Text Encode (Positive)",
      "properties": {
        "Node name for S&R": "CLIPTextEncode"
      },
      "widgets_values": [
        ""
      ],
      "color": "#232",
      "bgcolor": "#353"
    },
    {
      "id": 27,
      "type": "ConditioningSetTimestepRange",
      "pos": [
        920,
        -170
      ],
      "size": {
        "0": 235.1999969482422,
        "1": 82
      },
      "flags": {},
      "order": 13,
      "mode": 0,
      "inputs": [
        {
          "name": "conditioning",
          "type": "CONDITIONING",
          "link": 47
        }
      ],
      "outputs": [
        {
          "name": "CONDITIONING",
          "type": "CONDITIONING",
          "links": [
            49
          ],
          "shape": 3,
          "slot_index": 0
        }
      ],
      "properties": {
        "Node name for S&R": "ConditioningSetTimestepRange"
      },
      "widgets_values": [
        0,
        0.4
      ]
    },
    {
      "id": 12,
      "type": "StyleModelApply",
      "pos": [
        630,
        -170
      ],
      "size": {
        "0": 262,
        "1": 70
      },
      "flags": {},
      "order": 12,
      "mode": 0,
      "inputs": [
        {
          "name": "conditioning",
          "type": "CONDITIONING",
          "link": 46
        },
        {
          "name": "style_model",
          "type": "STYLE_MODEL",
          "link": 13
        },
        {
          "name": "clip_vision_output",
          "type": "CLIP_VISION_OUTPUT",
          "link": 14
        }
      ],
      "outputs": [
        {
          "name": "CONDITIONING",
          "type": "CONDITIONING",
          "links": [
            47
          ],
          "shape": 3,
          "slot_index": 0
        }
      ],
      "properties": {
        "Node name for S&R": "StyleModelApply"
      }
    },
    {
      "id": 29,
      "type": "ConditioningCombine",
      "pos": [
        1190,
        -170
      ],
      "size": {
        "0": 228.39999389648438,
        "1": 46
      },
      "flags": {},
      "order": 14,
      "mode": 0,
      "inputs": [
        {
          "name": "conditioning_1",
          "type": "CONDITIONING",
          "link": 49
        },
        {
          "name": "conditioning_2",
          "type": "CONDITIONING",
          "link": 50
        }
      ],
      "outputs": [
        {
          "name": "CONDITIONING",
          "type": "CONDITIONING",
          "links": [
            51
          ],
          "shape": 3,
          "slot_index": 0
        }
      ],
      "properties": {
        "Node name for S&R": "ConditioningCombine"
      }
    },
    {
      "id": 28,
      "type": "ConditioningSetTimestepRange",
      "pos": [
        660,
        20
      ],
      "size": {
        "0": 235.1999969482422,
        "1": 82
      },
      "flags": {},
      "order": 10,
      "mode": 0,
      "inputs": [
        {
          "name": "conditioning",
          "type": "CONDITIONING",
          "link": 48
        }
      ],
      "outputs": [
        {
          "name": "CONDITIONING",
          "type": "CONDITIONING",
          "links": [
            50
          ],
          "shape": 3,
          "slot_index": 0
        }
      ],
      "properties": {
        "Node name for S&R": "ConditioningSetTimestepRange"
      },
      "widgets_values": [
        0.4,
        1
      ]
    },
    {
      "id": 8,
      "type": "VAEDecode",
      "pos": [
        1260,
        70
      ],
      "size": {
        "0": 140,
        "1": 60
      },
      "flags": {},
      "order": 16,
      "mode": 0,
      "inputs": [
        {
          "name": "samples",
          "type": "LATENT",
          "link": 7
        },
        {
          "name": "vae",
          "type": "VAE",
          "link": 12
        }
      ],
      "outputs": [
        {
          "name": "IMAGE",
          "type": "IMAGE",
          "links": [
            9
          ],
          "slot_index": 0
        }
      ],
      "properties": {
        "Node name for S&R": "VAEDecode"
      }
    },
    {
      "id": 22,
      "type": "ConditioningZeroOut",
      "pos": [
        360,
        -170
      ],
      "size": [
        230,
        30
      ],
      "flags": {},
      "order": 11,
      "mode": 0,
      "inputs": [
        {
          "name": "conditioning",
          "type": "CONDITIONING",
          "link": 28
        }
      ],
      "outputs": [
        {
          "name": "CONDITIONING",
          "type": "CONDITIONING",
          "links": [
            46
          ],
          "shape": 3,
          "slot_index": 0
        }
      ],
      "properties": {
        "Node name for S&R": "ConditioningZeroOut"
      }
    }
  ],
  "links": [
    [
      1,
      4,
      0,
      3,
      0,
      "MODEL"
    ],
    [
      2,
      5,
      0,
      3,
      3,
      "LATENT"
    ],
    [
      3,
      4,
      1,
      6,
      0,
      "CLIP"
    ],
    [
      5,
      4,
      1,
      7,
      0,
      "CLIP"
    ],
    [
      6,
      7,
      0,
      3,
      2,
      "CONDITIONING"
    ],
    [
      7,
      3,
      0,
      8,
      0,
      "LATENT"
    ],
    [
      9,
      8,
      0,
      9,
      0,
      "IMAGE"
    ],
    [
      12,
      11,
      0,
      8,
      1,
      "VAE"
    ],
    [
      13,
      13,
      0,
      12,
      1,
      "STYLE_MODEL"
    ],
    [
      14,
      15,
      0,
      12,
      2,
      "CLIP_VISION_OUTPUT"
    ],
    [
      15,
      14,
      0,
      15,
      0,
      "CLIP_VISION"
    ],
    [
      16,
      16,
      0,
      15,
      1,
      "IMAGE"
    ],
    [
      27,
      4,
      1,
      23,
      0,
      "CLIP"
    ],
    [
      28,
      23,
      0,
      22,
      0,
      "CONDITIONING"
    ],
    [
      46,
      22,
      0,
      12,
      0,
      "CONDITIONING"
    ],
    [
      47,
      12,
      0,
      27,
      0,
      "CONDITIONING"
    ],
    [
      48,
      6,
      0,
      28,
      0,
      "CONDITIONING"
    ],
    [
      49,
      27,
      0,
      29,
      0,
      "CONDITIONING"
    ],
    [
      50,
      28,
      0,
      29,
      1,
      "CONDITIONING"
    ],
    [
      51,
      29,
      0,
      3,
      1,
      "CONDITIONING"
    ]
  ],
  "groups": [],
  "config": {},
  "extra": {},
  "version": 0.4
}